-- phpMyAdmin SQL Dump
-- version 4.8.5
-- https://www.phpmyadmin.net/
--
-- 主机： 127.0.0.1
-- 生成日期： 2019-06-13 09:05:40
-- 服务器版本： 10.1.38-MariaDB
-- PHP 版本： 7.3.4

SET SQL_MODE = "NO_AUTO_VALUE_ON_ZERO";
SET AUTOCOMMIT = 0;
START TRANSACTION;
SET time_zone = "+00:00";


/*!40101 SET @OLD_CHARACTER_SET_CLIENT=@@CHARACTER_SET_CLIENT */;
/*!40101 SET @OLD_CHARACTER_SET_RESULTS=@@CHARACTER_SET_RESULTS */;
/*!40101 SET @OLD_COLLATION_CONNECTION=@@COLLATION_CONNECTION */;
/*!40101 SET NAMES utf8mb4 */;

--
-- 数据库： `wordv2`
--
CREATE DATABASE IF NOT EXISTS `wordv2` DEFAULT CHARACTER SET utf8 COLLATE utf8_general_ci;
USE `wordv2`;

-- --------------------------------------------------------

--
-- 表的结构 `test`
--

CREATE TABLE `test` (
  `id` int(11) UNSIGNED NOT NULL,
  `cid` int(11) UNSIGNED NOT NULL,
  `title` varchar(255) NOT NULL,
  `number` int(11) NOT NULL,
  `status` int(11) NOT NULL COMMENT '0 进行中 1 完成',
  `json_data` text NOT NULL,
  `time` int(11) DEFAULT NULL
) ENGINE=InnoDB DEFAULT CHARSET=utf8;

--
-- 转存表中的数据 `test`
--

INSERT INTO `test` (`id`, `cid`, `title`, `number`, `status`, `json_data`, `time`) VALUES
(1, 2, '英语单词测试（入门级V3）第01次', 50, 1, '[[\"23\",1],[\"64\",1],[\"92\",0],[\"59\",0],[\"62\",0],[\"112\",1],[\"11\",0],[\"7\",0],[\"77\",1],[\"105\",0],[\"53\",0],[\"36\",0],[\"91\",0],[\"60\",1],[\"127\",1],[\"117\",1],[\"69\",1],[\"103\",1],[\"128\",0],[\"20\",1],[\"96\",1],[\"75\",1],[\"54\",1],[\"48\",0],[\"29\",1],[\"39\",0],[\"84\",0],[\"25\",1],[\"58\",0],[\"30\",1],[\"26\",0],[\"35\",1],[\"6\",0],[\"14\",0],[\"70\",0],[\"124\",0],[\"41\",1],[\"24\",1],[\"1\",1],[\"81\",0],[\"21\",0],[\"104\",0],[\"49\",0],[\"33\",0],[\"8\",1],[\"16\",1],[\"45\",0],[\"9\",0],[\"28\",1],[\"67\",1]]', 1557360505),
(2, 2, '英语单词测试（入门级V3）第02次', 50, 1, '[[\"121\",0],[\"24\",1],[\"106\",1],[\"103\",1],[\"7\",0],[\"123\",0],[\"20\",0],[\"18\",1],[\"92\",1],[\"75\",1],[\"40\",1],[\"68\",1],[\"50\",0],[\"63\",0],[\"19\",1],[\"4\",1],[\"74\",1],[\"91\",1],[\"35\",0],[\"59\",1],[\"117\",1],[\"29\",0],[\"8\",1],[\"9\",1],[\"124\",0],[\"70\",0],[\"42\",1],[\"128\",1],[\"67\",1],[\"15\",0],[\"80\",1],[\"21\",0],[\"12\",0],[\"44\",1],[\"116\",0],[\"77\",1],[\"55\",0],[\"53\",1],[\"107\",1],[\"102\",1],[\"125\",0],[\"87\",0],[\"6\",1],[\"10\",1],[\"30\",0],[\"27\",1],[\"105\",0],[\"97\",0],[\"5\",1],[\"2\",0]]', 1557447431),
(3, 2, '英语单词测试（入门级V3）第03次', 50, 1, '[[\"36\",0],[\"45\",1],[\"110\",0],[\"16\",1],[\"41\",1],[\"29\",1],[\"20\",0],[\"82\",0],[\"53\",0],[\"34\",1],[\"74\",0],[\"75\",1],[\"63\",0],[\"71\",0],[\"56\",1],[\"72\",0],[\"96\",1],[\"78\",0],[\"46\",1],[\"109\",1],[\"38\",0],[\"90\",1],[\"66\",0],[\"51\",0],[\"39\",0],[\"86\",1],[\"32\",1],[\"11\",1],[\"61\",1],[\"13\",1],[\"107\",1],[\"3\",1],[\"18\",1],[\"70\",1],[\"2\",0],[\"48\",1],[\"50\",1],[\"103\",0],[\"60\",1],[\"100\",1],[\"94\",1],[\"17\",0],[\"101\",1],[\"127\",0],[\"85\",1],[\"119\",0],[\"52\",0],[\"124\",0],[\"115\",1],[\"99\",0]]', 1557533505),
(4, 2, '英语单词测试（入门级V3）第04次', 50, 1, '[[\"122\",0],[\"88\",0],[\"19\",0],[\"14\",0],[\"115\",0],[\"84\",0],[\"27\",0],[\"103\",0],[\"8\",0],[\"82\",0],[\"59\",0],[\"128\",0],[\"40\",0],[\"9\",0],[\"91\",0],[\"66\",0],[\"123\",0],[\"25\",0],[\"79\",0],[\"120\",0],[\"32\",0],[\"4\",0],[\"116\",0],[\"98\",0],[\"16\",0],[\"22\",0],[\"97\",0],[\"86\",0],[\"80\",0],[\"17\",0],[\"69\",0],[\"56\",0],[\"99\",0],[\"121\",0],[\"92\",0],[\"46\",0],[\"70\",0],[\"117\",0],[\"109\",0],[\"76\",0],[\"39\",0],[\"52\",0],[\"20\",0],[\"113\",0],[\"72\",0],[\"5\",0],[\"104\",0],[\"112\",0],[\"24\",0],[\"31\",0]]', 1557793035),
(5, 2, '英语单词测试（入门级V3）第04次', 50, 1, '[[\"95\",0],[\"5\",0],[\"122\",0],[\"120\",0],[\"45\",0],[\"61\",0],[\"104\",0],[\"102\",0],[\"80\",0],[\"60\",0],[\"125\",0],[\"50\",0],[\"40\",0],[\"87\",0],[\"127\",0],[\"11\",0],[\"23\",0],[\"118\",0],[\"6\",0],[\"72\",0],[\"38\",0],[\"90\",0],[\"85\",0],[\"100\",0],[\"53\",0],[\"86\",0],[\"41\",0],[\"66\",0],[\"115\",0],[\"91\",0],[\"71\",0],[\"65\",0],[\"9\",0],[\"98\",0],[\"75\",0],[\"4\",0],[\"77\",0],[\"31\",0],[\"36\",0],[\"116\",0],[\"111\",0],[\"114\",0],[\"16\",0],[\"27\",0],[\"10\",0],[\"69\",0],[\"56\",0],[\"121\",0],[\"44\",0],[\"14\",0]]', 1557879599),
(6, 2, '英语单词测试（入门级V3）第05次', 50, 1, '[[\"127\",0],[\"99\",0],[\"59\",0],[\"98\",0],[\"4\",0],[\"89\",0],[\"73\",0],[\"79\",0],[\"42\",0],[\"60\",0],[\"76\",0],[\"8\",0],[\"18\",0],[\"22\",0],[\"29\",0],[\"81\",0],[\"40\",0],[\"108\",0],[\"66\",0],[\"16\",0],[\"41\",0],[\"56\",0],[\"101\",0],[\"100\",0],[\"3\",0],[\"36\",0],[\"90\",0],[\"83\",0],[\"38\",0],[\"44\",0],[\"114\",0],[\"39\",0],[\"55\",0],[\"10\",0],[\"37\",0],[\"11\",0],[\"72\",0],[\"110\",0],[\"74\",0],[\"96\",0],[\"80\",0],[\"78\",0],[\"126\",0],[\"20\",0],[\"94\",0],[\"92\",0],[\"49\",0],[\"95\",0],[\"102\",0],[\"14\",0]]', 1557965544),
(7, 2, '英语单词测试（入门级V3）第06次', 50, 1, '[[\"37\",0],[\"109\",0],[\"106\",0],[\"2\",0],[\"58\",0],[\"84\",0],[\"97\",0],[\"29\",0],[\"85\",0],[\"61\",0],[\"15\",0],[\"35\",0],[\"93\",0],[\"67\",0],[\"122\",0],[\"31\",0],[\"89\",0],[\"102\",0],[\"54\",0],[\"69\",0],[\"73\",0],[\"12\",0],[\"38\",0],[\"62\",0],[\"21\",0],[\"66\",0],[\"13\",0],[\"88\",0],[\"82\",0],[\"70\",0],[\"24\",0],[\"34\",0],[\"33\",0],[\"79\",0],[\"101\",0],[\"124\",0],[\"4\",0],[\"90\",0],[\"7\",0],[\"115\",0],[\"74\",0],[\"60\",0],[\"11\",0],[\"10\",0],[\"92\",0],[\"76\",0],[\"51\",0],[\"40\",0],[\"30\",0],[\"121\",0]]', 1558052801),
(8, 2, '英语单词测试（入门级V3）第07次', 50, 1, '[[\"11\",0],[\"4\",0],[\"119\",0],[\"91\",0],[\"18\",0],[\"51\",0],[\"117\",0],[\"43\",0],[\"5\",0],[\"61\",0],[\"50\",0],[\"34\",0],[\"66\",0],[\"63\",0],[\"62\",0],[\"29\",0],[\"93\",0],[\"74\",0],[\"80\",0],[\"48\",0],[\"47\",0],[\"98\",0],[\"56\",0],[\"58\",0],[\"99\",0],[\"88\",0],[\"59\",0],[\"36\",0],[\"35\",0],[\"31\",0],[\"8\",0],[\"49\",0],[\"124\",0],[\"123\",0],[\"97\",0],[\"103\",0],[\"128\",0],[\"20\",0],[\"107\",0],[\"68\",0],[\"10\",0],[\"105\",0],[\"57\",0],[\"64\",0],[\"33\",0],[\"17\",0],[\"69\",0],[\"96\",0],[\"115\",0],[\"13\",0]]', 1558138603),
(9, 2, '英语单词测试（入门级V3）第08次', 50, 1, '[[\"68\",0],[\"43\",0],[\"2\",0],[\"51\",0],[\"13\",0],[\"60\",0],[\"46\",0],[\"36\",0],[\"70\",0],[\"28\",0],[\"42\",0],[\"121\",0],[\"101\",0],[\"84\",0],[\"86\",0],[\"37\",0],[\"124\",0],[\"52\",0],[\"120\",0],[\"92\",0],[\"16\",0],[\"71\",0],[\"76\",0],[\"67\",0],[\"20\",0],[\"81\",0],[\"11\",0],[\"126\",0],[\"118\",0],[\"127\",0],[\"31\",0],[\"69\",0],[\"125\",0],[\"8\",0],[\"27\",0],[\"123\",0],[\"64\",0],[\"14\",0],[\"93\",0],[\"22\",0],[\"45\",0],[\"5\",0],[\"87\",0],[\"50\",0],[\"103\",0],[\"77\",0],[\"106\",0],[\"54\",0],[\"115\",0],[\"9\",0]]', 1558742514),
(10, 2, '英语单词测试（入门级V3）第09次', 50, 1, '[[\"11\",0],[\"104\",0],[\"28\",0],[\"57\",0],[\"36\",0],[\"35\",0],[\"26\",0],[\"102\",0],[\"55\",0],[\"125\",0],[\"6\",0],[\"111\",0],[\"56\",0],[\"8\",0],[\"30\",0],[\"39\",0],[\"40\",0],[\"12\",0],[\"82\",0],[\"122\",0],[\"45\",0],[\"92\",0],[\"33\",0],[\"105\",0],[\"25\",0],[\"44\",0],[\"84\",0],[\"60\",0],[\"114\",0],[\"75\",0],[\"79\",0],[\"27\",0],[\"78\",0],[\"5\",0],[\"20\",0],[\"98\",0],[\"52\",0],[\"113\",0],[\"47\",0],[\"31\",0],[\"115\",0],[\"93\",0],[\"110\",0],[\"3\",0],[\"87\",0],[\"108\",0],[\"62\",0],[\"64\",0],[\"22\",0],[\"121\",0]]', 1559089340),
(11, 2, '英语单词测试（入门级V3）第10次', 50, 1, '[[\"14\",0],[\"48\",0],[\"77\",0],[\"10\",0],[\"52\",0],[\"95\",0],[\"109\",0],[\"64\",0],[\"21\",0],[\"112\",0],[\"45\",0],[\"91\",0],[\"27\",0],[\"126\",0],[\"34\",0],[\"103\",0],[\"86\",0],[\"17\",0],[\"61\",0],[\"23\",0],[\"46\",0],[\"88\",0],[\"60\",0],[\"25\",0],[\"116\",0],[\"113\",0],[\"92\",0],[\"4\",0],[\"6\",0],[\"24\",0],[\"67\",0],[\"78\",0],[\"128\",0],[\"9\",0],[\"96\",0],[\"53\",0],[\"119\",0],[\"58\",0],[\"38\",0],[\"44\",0],[\"125\",0],[\"85\",0],[\"2\",0],[\"82\",0],[\"57\",0],[\"20\",0],[\"12\",0],[\"74\",0],[\"49\",0],[\"16\",0]]', 1559174998),
(12, 2, '英语单词测试（入门级V3）第11次', 50, 1, '[[\"104\",0],[\"101\",0],[\"39\",0],[\"92\",0],[\"16\",0],[\"102\",0],[\"128\",0],[\"19\",0],[\"117\",0],[\"35\",0],[\"51\",0],[\"86\",0],[\"5\",0],[\"108\",0],[\"8\",0],[\"66\",0],[\"113\",0],[\"43\",0],[\"50\",0],[\"44\",0],[\"32\",0],[\"30\",0],[\"96\",0],[\"59\",0],[\"72\",0],[\"57\",0],[\"126\",0],[\"25\",0],[\"62\",0],[\"20\",0],[\"91\",0],[\"80\",0],[\"42\",0],[\"63\",0],[\"55\",0],[\"73\",0],[\"13\",0],[\"97\",0],[\"127\",0],[\"11\",0],[\"31\",0],[\"95\",0],[\"28\",0],[\"10\",0],[\"52\",0],[\"88\",0],[\"17\",0],[\"24\",0],[\"109\",0],[\"75\",0]]', 1559261781),
(13, 3, '英语单词测试（入门级V4）第01次', 50, 1, '[[\"1106\",0],[\"1120\",0],[\"1105\",0],[\"1146\",0],[\"1134\",0],[\"1102\",0],[\"1121\",0],[\"1070\",0],[\"1056\",0],[\"1085\",0],[\"1131\",0],[\"1145\",0],[\"1094\",0],[\"1116\",0],[\"1086\",0],[\"1069\",0],[\"133\",0],[\"1072\",0],[\"1127\",0],[\"1104\",0],[\"1103\",0],[\"1058\",0],[\"1129\",0],[\"1100\",0],[\"1095\",0],[\"1059\",0],[\"1119\",0],[\"1101\",0],[\"1109\",0],[\"1125\",0],[\"1144\",0],[\"1138\",0],[\"1075\",0],[\"1089\",0],[\"1084\",0],[\"1112\",0],[\"1143\",0],[\"1118\",0],[\"1139\",0],[\"1061\",0],[\"1088\",0],[\"1071\",0],[\"1080\",0],[\"1107\",0],[\"1115\",0],[\"1065\",0],[\"1073\",0],[\"1092\",0],[\"132\",0],[\"1078\",0]]', 1559347942),
(14, 3, '英语单词测试（入门级V4）第02次', 50, 1, '[[\"1065\",0],[\"1091\",0],[\"1111\",0],[\"1136\",0],[\"1094\",0],[\"1064\",0],[\"1126\",0],[\"1096\",0],[\"1080\",0],[\"1143\",0],[\"1120\",0],[\"1102\",0],[\"1133\",0],[\"1128\",0],[\"1104\",0],[\"131\",0],[\"1123\",0],[\"1078\",0],[\"1122\",0],[\"1090\",0],[\"1088\",0],[\"1110\",0],[\"1119\",0],[\"1138\",0],[\"1101\",0],[\"129\",0],[\"1059\",0],[\"1095\",0],[\"1125\",0],[\"1081\",0],[\"1063\",0],[\"133\",0],[\"1077\",0],[\"1072\",0],[\"1066\",0],[\"1144\",0],[\"1067\",0],[\"1100\",0],[\"1108\",0],[\"1058\",0],[\"1092\",0],[\"1083\",0],[\"1075\",0],[\"1121\",0],[\"1082\",0],[\"1117\",0],[\"1076\",0],[\"1086\",0],[\"1129\",0],[\"1103\",0]]', 1559607204),
(15, 3, '英语单词测试（入门级V4）第02次', 50, 1, '[[\"1121\",0],[\"1136\",0],[\"1071\",0],[\"1088\",0],[\"132\",0],[\"1087\",0],[\"1117\",0],[\"129\",0],[\"1126\",0],[\"1089\",0],[\"1085\",0],[\"1133\",0],[\"1127\",0],[\"1134\",0],[\"1095\",0],[\"1064\",0],[\"1074\",0],[\"133\",0],[\"1131\",0],[\"1145\",0],[\"1102\",0],[\"1056\",0],[\"1138\",0],[\"1106\",0],[\"1078\",0],[\"1060\",0],[\"1115\",0],[\"1142\",0],[\"1065\",0],[\"1062\",0],[\"1111\",0],[\"1139\",0],[\"1081\",0],[\"1083\",0],[\"1066\",0],[\"131\",0],[\"1080\",0],[\"1122\",0],[\"1107\",0],[\"1068\",0],[\"1073\",0],[\"1067\",0],[\"1120\",0],[\"1076\",0],[\"1128\",0],[\"1099\",0],[\"1132\",0],[\"1124\",0],[\"1140\",0],[\"1059\",0]]', 1559693584),
(16, 3, '英语单词测试（入门级V4）第03次', 50, 1, '[[\"1134\",0],[\"1081\",0],[\"1124\",0],[\"1075\",0],[\"1122\",0],[\"1136\",0],[\"1089\",0],[\"1120\",0],[\"133\",0],[\"1077\",0],[\"131\",0],[\"1112\",0],[\"1109\",0],[\"1128\",0],[\"1066\",0],[\"1145\",0],[\"129\",0],[\"1072\",0],[\"1138\",0],[\"1140\",0],[\"1133\",0],[\"1095\",0],[\"1082\",0],[\"1058\",0],[\"1127\",0],[\"1063\",0],[\"1125\",0],[\"1085\",0],[\"1073\",0],[\"1101\",0],[\"1062\",0],[\"1123\",0],[\"1056\",0],[\"132\",0],[\"1118\",0],[\"1069\",0],[\"1117\",0],[\"1135\",0],[\"1059\",0],[\"1078\",0],[\"1087\",0],[\"1146\",0],[\"1110\",0],[\"1104\",0],[\"1115\",0],[\"1132\",0],[\"1139\",0],[\"1111\",0],[\"1084\",0],[\"1094\",0]]', 1559780438),
(17, 3, '英语单词测试（入门级V4）第04次', 50, 1, '[[\"1099\",0],[\"1086\",0],[\"1131\",0],[\"1117\",0],[\"1112\",0],[\"1083\",0],[\"1118\",0],[\"1127\",0],[\"1139\",0],[\"1078\",0],[\"1115\",0],[\"1094\",0],[\"1080\",0],[\"1062\",0],[\"1075\",0],[\"1100\",0],[\"1134\",0],[\"1138\",0],[\"1085\",0],[\"1129\",0],[\"131\",0],[\"1108\",0],[\"1058\",0],[\"1091\",0],[\"1121\",0],[\"1092\",0],[\"1089\",0],[\"1132\",0],[\"1103\",0],[\"1107\",0],[\"1140\",0],[\"1126\",0],[\"1068\",0],[\"1106\",0],[\"1073\",0],[\"1074\",0],[\"1142\",0],[\"1125\",0],[\"1072\",0],[\"1135\",0],[\"1122\",0],[\"133\",0],[\"1077\",0],[\"1067\",0],[\"1123\",0],[\"1137\",0],[\"1063\",0],[\"1120\",0],[\"1065\",0],[\"1101\",0]]', 1559953314),
(18, 3, '英语单词测试（入门级V4）第05次', 50, 1, '[[\"1103\",0],[\"1101\",0],[\"1096\",0],[\"129\",0],[\"1066\",0],[\"1108\",0],[\"1089\",0],[\"1126\",0],[\"130\",0],[\"1100\",0],[\"1088\",0],[\"1115\",0],[\"1102\",0],[\"1117\",0],[\"1110\",0],[\"1136\",0],[\"131\",0],[\"1062\",0],[\"1122\",0],[\"1094\",0],[\"1063\",0],[\"1128\",0],[\"1058\",0],[\"1072\",0],[\"1056\",0],[\"1121\",0],[\"1060\",0],[\"1105\",0],[\"1071\",0],[\"1083\",0],[\"1140\",0],[\"1133\",0],[\"1139\",0],[\"1078\",0],[\"1081\",0],[\"1145\",0],[\"1116\",0],[\"1087\",0],[\"1061\",0],[\"1068\",0],[\"1134\",0],[\"1090\",0],[\"1125\",0],[\"1077\",0],[\"1119\",0],[\"1092\",0],[\"1095\",0],[\"1135\",0],[\"132\",0],[\"1074\",0]]', 1560039078),
(19, 3, '英语单词测试（入门级V4）第06次', 50, 1, '[[\"1101\",0],[\"1112\",0],[\"1061\",0],[\"1140\",0],[\"1121\",0],[\"1102\",0],[\"1056\",0],[\"1060\",0],[\"1139\",0],[\"1095\",0],[\"1129\",0],[\"1132\",0],[\"1064\",0],[\"1087\",0],[\"1126\",0],[\"1136\",0],[\"1083\",0],[\"1110\",0],[\"1135\",0],[\"1144\",0],[\"1104\",0],[\"1122\",0],[\"1089\",0],[\"1106\",0],[\"1109\",0],[\"1080\",0],[\"1123\",0],[\"1108\",0],[\"1133\",0],[\"1100\",0],[\"1105\",0],[\"1092\",0],[\"1075\",0],[\"1077\",0],[\"1058\",0],[\"1119\",0],[\"1082\",0],[\"1131\",0],[\"132\",0],[\"1070\",0],[\"1107\",0],[\"1078\",0],[\"1069\",0],[\"1088\",0],[\"1071\",0],[\"1116\",0],[\"1066\",0],[\"1103\",0],[\"1094\",0],[\"1114\",0]]', 1560211917),
(20, 3, '英语单词测试（入门级V4）第07次', 50, 1, '[[\"1072\",0],[\"1087\",0],[\"1124\",0],[\"1134\",0],[\"1115\",0],[\"1123\",0],[\"1058\",0],[\"1111\",0],[\"1131\",0],[\"1078\",0],[\"1083\",0],[\"1102\",0],[\"1060\",0],[\"1112\",0],[\"1137\",0],[\"1073\",0],[\"1081\",0],[\"1110\",0],[\"1067\",0],[\"1116\",0],[\"1061\",0],[\"1135\",0],[\"1080\",0],[\"1069\",0],[\"1114\",0],[\"1120\",0],[\"1127\",0],[\"1074\",0],[\"1076\",0],[\"1145\",0],[\"1101\",0],[\"1077\",0],[\"1085\",0],[\"1062\",0],[\"1099\",0],[\"1125\",0],[\"133\",0],[\"1088\",0],[\"1138\",0],[\"1142\",0],[\"1094\",0],[\"1091\",0],[\"1071\",0],[\"129\",0],[\"1104\",0],[\"1129\",0],[\"1128\",0],[\"1144\",0],[\"1105\",0],[\"1109\",0]]', 1560298351),
(21, 3, '英语单词测试（入门级V4）第08次', 50, 0, '[[\"200\",0],[\"210\",0],[\"196\",0],[\"138\",0],[\"147\",0],[\"139\",0],[\"140\",0],[\"148\",0],[\"217\",0],[\"189\",0],[\"202\",0],[\"166\",0],[\"132\",0],[\"130\",0],[\"165\",0],[\"131\",0],[\"178\",0],[\"150\",0],[\"168\",0],[\"186\",0],[\"216\",0],[\"173\",0],[\"159\",0],[\"204\",0],[\"162\",0],[\"145\",0],[\"199\",0],[\"182\",0],[\"215\",0],[\"161\",0],[\"171\",0],[\"183\",0],[\"220\",0],[\"205\",0],[\"203\",0],[\"154\",0],[\"184\",0],[\"129\",0],[\"194\",0],[\"209\",0],[\"208\",0],[\"144\",0],[\"160\",0],[\"219\",0],[\"149\",0],[\"195\",0],[\"146\",0],[\"135\",0],[\"198\",0],[\"213\",0]]', 1560385458);

-- --------------------------------------------------------

--
-- 表的结构 `test_type`
--

CREATE TABLE `test_type` (
  `id` int(11) UNSIGNED NOT NULL,
  `type_name` varchar(255) NOT NULL,
  `num` int(11) NOT NULL DEFAULT '0',
  `time` int(11) NOT NULL
) ENGINE=InnoDB DEFAULT CHARSET=utf8 COMMENT='试卷类型';

--
-- 转存表中的数据 `test_type`
--

INSERT INTO `test_type` (`id`, `type_name`, `num`, `time`) VALUES
(1, '综合测试', 0, 0),
(2, '英语单词测试（入门级V3）', 12, 1557141722),
(3, '英语单词测试（入门级V4）', 9, 1559302923);

-- --------------------------------------------------------

--
-- 表的结构 `user`
--

CREATE TABLE `user` (
  `id` int(11) UNSIGNED NOT NULL,
  `star_id` int(11) NOT NULL COMMENT '星辰平台id',
  `username` varchar(255) NOT NULL,
  `level` int(11) NOT NULL DEFAULT '1' COMMENT '修改权限',
  `token` varchar(255) NOT NULL,
  `time` int(11) NOT NULL
) ENGINE=InnoDB DEFAULT CHARSET=utf8;

--
-- 转存表中的数据 `user`
--

INSERT INTO `user` (`id`, `star_id`, `username`, `level`, `token`, `time`) VALUES
(1, 44, '廖俊', 0, '', 1553512097),
(3, 45, '陈纪盛', 1, '', 1554949391),
(4, 9, 'admin', 0, '', 1554949482),
(5, 40, '黄博滔', 1, '', 1556865775);

-- --------------------------------------------------------

--
-- 表的结构 `word`
--

CREATE TABLE `word` (
  `id` int(11) UNSIGNED NOT NULL,
  `uid` int(11) UNSIGNED NOT NULL DEFAULT '1',
  `type_id` int(11) UNSIGNED NOT NULL,
  `word_en` varchar(255) NOT NULL,
  `ph_en` varchar(255) NOT NULL,
  `ph_am` varchar(255) NOT NULL,
  `ph_en_mp3` text NOT NULL,
  `ph_am_mp3` text NOT NULL,
  `ph_tts_mp3` text NOT NULL,
  `word_json` text NOT NULL,
  `time` date NOT NULL
) ENGINE=InnoDB DEFAULT CHARSET=utf8;

--
-- 转存表中的数据 `word`
--

INSERT INTO `word` (`id`, `uid`, `type_id`, `word_en`, `ph_en`, `ph_am`, `ph_en_mp3`, `ph_am_mp3`, `ph_tts_mp3`, `word_json`, `time`) VALUES
(1, 1, 2, 'select', 'sɪˈlekt', 'sɪˈlɛkt', 'http://res.iciba.com/resource/amp3/oxford/0/ee/25/ee256950e309fb39fa4287fd51079045.mp3', 'http://res.iciba.com/resource/amp3/1/0/5b/3c/5b3c32009797feb79096d52e56a56b82.mp3', 'http://res-tts.iciba.com/5/b/3/5b3c32009797feb79096d52e56a56b82.mp3', '[\"vt. 选择;挑选;选拔;\",\"adj. 精选的;挑选出来的;苛择的;〈口〉爱挑三拣四的，挑剔的;\"]', '2019-05-06'),
(2, 1, 2, 'rules\r', '\'ru:lz', '\'rulz', '', '', 'http://res-tts.iciba.com/a/4/f/a4f86f7bfc24194b276c22e0ef158197.mp3', '[\"n. 规程;规章;条例;守则(rule的复数);规则( rule的名词复数 );统治;习惯;尺;\"]', '2019-05-06'),
(3, 1, 2, 'value\r', 'ˈvælju:', 'ˈvælju', 'http://res.iciba.com/resource/amp3/oxford/0/6f/94/6f94f15e1f0187484aef05c820ede906.mp3', '', 'http://res-tts.iciba.com/2/0/6/2063c1608d6e0baf80249c42e2be5804.mp3', '[\"n. 价值，价格;意义，涵义;重要性;（邮票的）面值;\",\"vt. 评价;重视，看重;估价，给…定价;\"]', '2019-05-06'),
(4, 1, 2, 'unit\r', 'ˈju:nɪt', 'ˈjunɪt', 'http://res.iciba.com/resource/amp3/oxford/0/da/eb/daebced3d51baf6c805d30d1d550c272.mp3', 'http://res.iciba.com/resource/amp3/1/0/3e/34/3e34bdebd9bd5edda27e8728904a2552.mp3', 'http://res-tts.iciba.com/3/e/3/3e34bdebd9bd5edda27e8728904a2552.mp3', '[\"n. 单位，单元;装置;个体;[数]单位数;\"]', '2019-05-06'),
(5, 1, 2, 'quick', 'kwɪk', 'kwɪk', 'http://res.iciba.com/resource/amp3/oxford/0/2e/a5/2ea5267f3ce58a7864cc52ddac089ef3.mp3', 'http://res.iciba.com/resource/amp3/1/0/1d/f3/1df3746a4728276afdc24f828186f73a.mp3', 'http://res-tts.iciba.com/1/d/f/1df3746a4728276afdc24f828186f73a.mp3', '[\"adj. 快的，急速的;聪明的，凌厉的;灵活的;短时间做成的;\",\"adv. 迅速地，快速地;\",\"n. （指甲下的）活肉;感情的中枢，感觉最敏锐的地方;要害，核心;\"]', '2019-05-06'),
(6, 1, 2, 'contain\r', 'kənˈteɪn', 'kənˈten', 'http://res.iciba.com/resource/amp3/oxford/0/ad/1c/ad1c60845b8e408ba20a7a172391f3a9.mp3', 'http://res.iciba.com/resource/amp3/1/0/c5/8f/c58ff5e3a379801b6cc137158d5545fe.mp3', 'http://res-tts.iciba.com/c/5/8/c58ff5e3a379801b6cc137158d5545fe.mp3', '[\"vt. 包含，容纳;克制，遏制;牵制;包括或由…构成;\"]', '2019-05-06'),
(7, 1, 2, 'position\r', 'pəˈzɪʃn', 'pəˈzɪʃən', 'http://res.iciba.com/resource/amp3/oxford/0/a1/39/a13957fb846ed7f3002cb93e4d17b818.mp3', 'http://res.iciba.com/resource/amp3/1/0/47/57/4757fe07fd492a8be0ea6a760d683d6e.mp3', 'http://res-tts.iciba.com/4/7/5/4757fe07fd492a8be0ea6a760d683d6e.mp3', '[\"n. 位置，方位;地位，职位;态度;状态;\",\"vt. 安置;把…放在适当位置;给…定位;驻扎军队;\"]', '2019-05-06'),
(8, 1, 2, 'bottom\r', 'ˈbɒtəm', 'ˈbɑtəm', 'http://res.iciba.com/resource/amp3/0/0/71/f2/71f262d796bed1ab30e8a2d5a8ddee6f.mp3', 'http://res.iciba.com/resource/amp3/1/0/71/f2/71f262d796bed1ab30e8a2d5a8ddee6f.mp3', 'http://res-tts.iciba.com/7/1/f/71f262d796bed1ab30e8a2d5a8ddee6f.mp3', '[\"n. 底部;末端;臀部;尽头;\",\"adj. 底部的;\",\"vt. 装底;测量深浅;查明真相;\",\"vi. 到达底部;建立基础;\"]', '2019-05-06'),
(9, 1, 2, 'left\r', 'left', 'lɛft', 'http://res.iciba.com/resource/amp3/oxford/0/a3/39/a3391eb335afa8d613921d9e0f09bd96.mp3', 'http://res.iciba.com/resource/amp3/1/0/81/18/811882fecd5c7618d7099ebbd39ea254.mp3', 'http://res-tts.iciba.com/8/1/1/811882fecd5c7618d7099ebbd39ea254.mp3', '[\"adj. 左边的，左侧的;左派的;\",\"n. 左，左面;[军]左翼;左派，激进分子;\",\"adv. 向左;在左边;\",\"v. 离开( leave的过去式和过去分词);\"]', '2019-05-06'),
(10, 1, 2, 'right\r', 'raɪt', 'raɪt', 'http://res.iciba.com/resource/amp3/oxford/0/44/90/44906257a4738cc3c80808163f20cf39.mp3', 'http://res.iciba.com/resource/amp3/1/0/7c/4f/7c4f29407893c334a6cb7a87bf045c0d.mp3', 'http://res-tts.iciba.com/7/c/4/7c4f29407893c334a6cb7a87bf045c0d.mp3', '[\"adv. 立刻，马上;向右，右边;恰当地;一直;\",\"adj. 右方的;正确的;合适的;好的，正常的;\",\"n. 正确，正当;右边;权利;右手;\",\"vt. 纠正;扶直，使正;整理;补偿;\",\"vi. （船舶等）复正，恢复平稳;\"]', '2019-05-06'),
(11, 1, 2, 'top\r', 'tɒp', 'tɑp', 'http://res.iciba.com/resource/amp3/0/0/b2/83/b28354b543375bfa94dabaeda722927f.mp3', 'http://res.iciba.com/resource/amp3/1/0/b2/83/b28354b543375bfa94dabaeda722927f.mp3', 'http://res-tts.iciba.com/b/2/8/b28354b543375bfa94dabaeda722927f.mp3', '[\"n. 顶，顶部;（箱子）盖，（书页等的）上栏;首席;陀螺;\",\"adj. 最高的;顶上的;头等的;最大的;\",\"vt. 形成顶部;达到…的顶端;处于…的最前头;领导;\",\"vi. 总结;超越;高耸;结束;\"]', '2019-05-06'),
(12, 1, 2, 'display\r', 'dɪˈspleɪ', 'dɪˈsple', 'http://res.iciba.com/resource/amp3/oxford/0/df/d8/dfd8b9dcd130d37456e7acbf10abfbcd.mp3', 'http://res.iciba.com/resource/amp3/1/0/eb/f7/ebf78b512222fe4dcd14e7d5060a15b0.mp3', 'http://res-tts.iciba.com/e/b/f/ebf78b512222fe4dcd14e7d5060a15b0.mp3', '[\"n. 展览，陈列;陈列品，展览品;显示器;炫耀;\",\"vt. 显示;陈列;展开，伸展;夸示，炫耀;\",\"vi. （计算机屏幕上）显示;\"]', '2019-05-06'),
(13, 1, 2, 'clear\r', 'klɪə(r)', 'klɪr', 'http://res.iciba.com/resource/amp3/0/0/01/bc/01bc6f8efa4202821e95f4fdf6298b30.mp3', 'http://res.iciba.com/resource/amp3/1/0/01/bc/01bc6f8efa4202821e95f4fdf6298b30.mp3', 'http://res-tts.iciba.com/0/1/b/01bc6f8efa4202821e95f4fdf6298b30.mp3', '[\"adj. 清楚的，明白的;清晰的，明亮的;清澈的;明确的;\",\"adv. 完全地;清晰地;整整;\",\"vi. 变明朗;变清澈;\",\"vt. 扫除，除去;消除（嫌疑）;使清楚;使干净;\",\"n. 空隙，空间;\"]', '2019-05-06'),
(14, 1, 2, 'visibility\r', 'ˌvɪzəˈbɪləti', 'ˌvɪzəˈbɪlɪti', 'http://res.iciba.com/resource/amp3/oxford/0/d9/ba/d9ba53f6d7ffee5a37c262e90cf8bdcb.mp3', 'http://res.iciba.com/resource/amp3/1/0/f7/9b/f79b1d64a8d8b02b86d797765a6a1fe4.mp3', 'http://res-tts.iciba.com/f/7/9/f79b1d64a8d8b02b86d797765a6a1fe4.mp3', '[\"n. 能见度;可见性;可见距离;清晰度;\"]', '2019-05-06'),
(15, 1, 2, 'float\r', 'fləʊt', 'floʊt', 'http://res.iciba.com/resource/amp3/0/0/54/6a/546ade640b6edfbc8a086ef31347e768.mp3', 'http://res.iciba.com/resource/amp3/1/0/54/6a/546ade640b6edfbc8a086ef31347e768.mp3', 'http://res-tts.iciba.com/5/4/6/546ade640b6edfbc8a086ef31347e768.mp3', '[\"vt.& vi. （使）浮动;（使）漂浮;自由浮动;\",\"vi. 游荡;\",\"vt. 提出，提请考虑;（股票）上市;\",\"n. 彩车;漂浮物;浮板;浮有冰淇淋的饮料;\"]', '2019-05-06'),
(16, 1, 2, 'width\r', 'wɪdθ', 'wɪdθ, wɪθ, wɪtθ', 'http://res.iciba.com/resource/amp3/oxford/0/7f/30/7f30b52f2fede22e0bc7c43a9dd5672f.mp3', 'http://res.iciba.com/resource/amp3/1/0/ea/ae/eaae26a6fb20ed3ef54fb23bfa0b1fcc.mp3', 'http://res-tts.iciba.com/e/a/a/eaae26a6fb20ed3ef54fb23bfa0b1fcc.mp3', '[\"n. 宽度;广度;\"]', '2019-05-06'),
(17, 1, 2, 'minimum\r', 'ˈmɪnɪməm', 'ˈmɪnəməm', 'http://res.iciba.com/resource/amp3/oxford/0/96/3d/963d08f7d8cf1597f9d9514e1b8aac8f.mp3', 'http://res.iciba.com/resource/amp3/1/0/e3/83/e383234c8c5c6cf7eb44a3208e26d50f.mp3', 'http://res-tts.iciba.com/e/3/8/e383234c8c5c6cf7eb44a3208e26d50f.mp3', '[\"n. 最低限度;最小量;最低消费;[数]极小值;\",\"adj. 最低的;最小的;最少的;\"]', '2019-05-06'),
(18, 1, 2, 'maximum\r', 'ˈmæksɪməm', 'ˈmæksəməm', 'http://res.iciba.com/resource/amp3/oxford/0/d1/85/d185fe93c28f944de536abba7c88abf4.mp3', 'http://res.iciba.com/resource/amp3/1/0/65/b0/65b0e2883c997f2bea5dd11c923b94cf.mp3', 'http://res-tts.iciba.com/6/5/b/65b0e2883c997f2bea5dd11c923b94cf.mp3', '[\"adj. 最大值的，最大量的;\",\"n. 最大的量、体积、强度等;\"]', '2019-05-06'),
(19, 1, 2, 'height\r', 'haɪt', 'haɪt', 'http://res.iciba.com/resource/amp3/oxford/0/61/c7/61c71cf9e4c8721ae9147329bf120148.mp3', 'http://res.iciba.com/resource/amp3/1/0/b4/35/b435e227d5dd201e1768b2bcb2e0aa81.mp3', 'http://res-tts.iciba.com/b/4/3/b435e227d5dd201e1768b2bcb2e0aa81.mp3', '[\"n. 高度，海拔;高地;身高;绝顶，顶点;\"]', '2019-05-06'),
(20, 1, 2, 'margin\r', 'ˈmɑ:dʒɪn', 'ˈmɑrdʒən', 'http://res.iciba.com/resource/amp3/0/0/d4/2f/d42f4851e770aa0f758b01388874f67b.mp3', 'http://res.iciba.com/resource/amp3/1/0/d4/2f/d42f4851e770aa0f758b01388874f67b.mp3', 'http://res-tts.iciba.com/d/4/2/d42f4851e770aa0f758b01388874f67b.mp3', '[\"n. 边缘，范围;极限;利润，盈余;（版心外）的空白;\",\"vt. 留边;成为…的边;加边于，围绕;为…加旁注;\"]', '2019-05-06'),
(21, 1, 2, 'padding\r', 'ˈpædɪŋ', 'ˈpædɪŋ', 'http://res.iciba.com/resource/amp3/oxford/0/ee/76/ee7653f3a7d72bfe65840aec561ca422.mp3', 'http://res.iciba.com/resource/amp3/1/0/b7/0c/b70cdb878a204fecf91c7dd1af312421.mp3', 'http://res-tts.iciba.com/b/7/0/b70cdb878a204fecf91c7dd1af312421.mp3', '[\"n. 衬料;衬垫;赘语;废话;\",\"v. 给…装衬垫，加垫子( pad的现在分词 );步行，放轻脚步走;\"]', '2019-05-06'),
(22, 1, 2, 'border\r', 'ˈbɔ:də(r)', 'ˈbɔrdə(r)', 'http://res.iciba.com/resource/amp3/oxford/0/aa/99/aa99af1b921198bd4d33e5d34e317f9d.mp3', 'http://res.iciba.com/resource/amp3/1/0/2d/e4/2de42fbb00305f8282310f1b3e10ce9a.mp3', 'http://res-tts.iciba.com/2/d/e/2de42fbb00305f8282310f1b3e10ce9a.mp3', '[\"n. 边;镶边;包边;边界;\",\"vt.& vi. 与…接界，在…的边上;\",\"vt. 沿…的边，环绕…，给…镶边;\",\"vi. 近似，毗邻;\"]', '2019-05-06'),
(23, 1, 2, 'style\r', 'staɪl', 'staɪl', 'http://res.iciba.com/resource/amp3/oxford/0/a4/95/a495dd7a6da23c31afc0a69ce0d7088b.mp3', 'http://res.iciba.com/resource/amp3/1/0/a1/b0/a1b01e734b573fca08eb1a65e6df9a38.mp3', 'http://res-tts.iciba.com/a/1/b/a1b01e734b573fca08eb1a65e6df9a38.mp3', '[\"n. 方式;样式;时髦;仪表，品位;\",\"vt. 设计;称呼;为…造型;\",\"vi. 使符合流行式样;用刻刀作装饰画;\"]', '2019-05-06'),
(24, 1, 2, 'color\r', '\'kʌlə(r)', 'ˈkʌlɚ', 'http://res.iciba.com/resource/amp3/0/0/70/dd/70dda5dfb8053dc6d1c492574bce9bfd.mp3', 'http://res.iciba.com/resource/amp3/1/0/70/dd/70dda5dfb8053dc6d1c492574bce9bfd.mp3', 'http://res-tts.iciba.com/7/0/d/70dda5dfb8053dc6d1c492574bce9bfd.mp3', '[\"n. <美>颜色，色彩;肤色，脸色，血色;颜料，染料;本质;\",\"v. <美>给…涂颜色;改变…的颜色;粉饰，渲染，使带上色彩;脸红;\"]', '2019-05-06'),
(25, 1, 2, 'radius\r', 'ˈreɪdiəs', 'ˈrediəs', 'http://res.iciba.com/resource/amp3/oxford/0/6d/41/6d41c123bb9e61664ecf1c2bd346acbc.mp3', 'http://res.iciba.com/resource/amp3/1/0/fc/02/fc021d54683383e5078ab9fefc4d53c8.mp3', 'http://res-tts.iciba.com/f/c/0/fc021d54683383e5078ab9fefc4d53c8.mp3', '[\"n. 半径（距离）;用半径度量的圆形面积;半径范围;桡骨;\"]', '2019-05-06'),
(26, 1, 2, 'slice\r', 'slaɪs', 'slaɪs', 'http://res.iciba.com/resource/amp3/oxford/0/f8/8c/f88cb72eddb724c1b4645df662db3a1c.mp3', 'http://res.iciba.com/resource/amp3/1/0/6d/52/6d52012dca4fc77aa554f25430aef501.mp3', 'http://res-tts.iciba.com/6/d/5/6d52012dca4fc77aa554f25430aef501.mp3', '[\"vt. 切成片;切下;划分;\",\"n. 薄片;一部分;（因失误而打出的）曲线球;\",\"vi. 斜击;\"]', '2019-05-06'),
(27, 1, 2, 'image\r', 'ˈɪmɪdʒ', 'ˈɪmɪdʒ', 'http://res.iciba.com/resource/amp3/oxford/0/be/9c/be9cfa28a78a398723dc183f316bb68a.mp3', 'http://res.iciba.com/resource/amp3/1/0/78/80/78805a221a988e79ef3f42d7c5bfd418.mp3', 'http://res-tts.iciba.com/7/8/8/78805a221a988e79ef3f42d7c5bfd418.mp3', '[\"n. 影像;肖像;概念，意向;镜像，映像;\",\"vt. 反映;想像;作…的像;象征;\"]', '2019-05-06'),
(28, 1, 2, 'source\r', 'sɔ:s', 'sɔrs', 'http://res.iciba.com/resource/amp3/0/0/36/cd/36cd38f49b9afa08222c0dc9ebfe35eb.mp3', 'http://res.iciba.com/resource/amp3/1/0/36/cd/36cd38f49b9afa08222c0dc9ebfe35eb.mp3', 'http://res-tts.iciba.com/3/6/c/36cd38f49b9afa08222c0dc9ebfe35eb.mp3', '[\"n. 根源，本源;源头，水源;原因;提供消息的人;\",\"vt. （从…）获得;发起;向…提供消息;寻求（尤指供货）的来源;\",\"vi. 原料来源;起源;寻求来源;寻求生产商（或提供商）;\"]', '2019-05-06'),
(29, 1, 2, 'repeat\r', 'rɪˈpi:t', 'rɪˈpit', 'http://res.iciba.com/resource/amp3/oxford/0/b9/96/b996772d8f4be29d918a784d3f18a57c.mp3', 'http://res.iciba.com/resource/amp3/1/0/32/cf/32cf6da134a8b268cf4ab6b79a9a5ad9.mp3', 'http://res-tts.iciba.com/3/2/c/32cf6da134a8b268cf4ab6b79a9a5ad9.mp3', '[\"vt. 复述，背诵;重复;\",\"vi. 重做;重复投票;\",\"n. （节目）重演;重复;重复的事物;\"]', '2019-05-06'),
(30, 1, 2, 'clip\r', 'klɪp', 'klɪp', 'http://res.iciba.com/resource/amp3/oxford/0/80/e9/80e93c52881d615d674fe7c3f4e693c7.mp3', 'http://res.iciba.com/resource/amp3/1/0/f6/d8/f6d8b886335927d46fad323c60335d09.mp3', 'http://res-tts.iciba.com/f/6/d/f6d8b886335927d46fad323c60335d09.mp3', '[\"n. （塑料或金属的）夹子;回纹针;修剪;剪报;\",\"vt.& vi. 用别针别在某物上，用夹子夹在某物上;\",\"vt. 剪;剪掉;缩短;给…剪毛（或发）;\",\"vi. 剪;修剪;剪下报刊上的文章（或新闻、图片等）;迅速行动;\"]', '2019-05-06'),
(31, 1, 2, 'size\r', 'saɪz', 'saɪz', 'http://res.iciba.com/resource/amp3/oxford/0/89/c5/89c5ed7349cb8832a42836467c33017f.mp3', 'http://res.iciba.com/resource/amp3/1/0/f7/bd/f7bd60b75b29d79b660a2859395c1a24.mp3', 'http://res-tts.iciba.com/f/7/b/f7bd60b75b29d79b660a2859395c1a24.mp3', '[\"n. 大小，尺寸;规模;胶料，浆糊;巨大，大量;尺码;\",\"vt. 按大小排列;改变…的大小;上胶料，上浆;上涂料;\",\"adj. 一定尺寸的;\"]', '2019-05-06'),
(32, 1, 2, 'attachment\r', 'əˈtætʃmənt', 'əˈtætʃmənt', 'http://res.iciba.com/resource/amp3/oxford/0/8d/fa/8dfadc13b7870f5f80d220b69986a1a9.mp3', 'http://res.iciba.com/resource/amp3/1/0/44/29/44290cefe42924d04a92d99428a95f27.mp3', 'http://res-tts.iciba.com/4/4/2/44290cefe42924d04a92d99428a95f27.mp3', '[\"n. （用电子邮件发送的）附件，附属物;依恋，依附;扣押财产<法>逮捕，扣押（人，财产）;\"]', '2019-05-06'),
(33, 1, 2, 'origin\r', 'ˈɒrɪdʒɪn', 'ˈɔrɪdʒɪn', 'http://res.iciba.com/resource/amp3/oxford/0/c9/17/c917b382fdbcf2949c7a341ed1cd1ece.mp3', 'http://res.iciba.com/resource/amp3/1/0/7c/49/7c49b153d4b59f8c0cf8c3e18dc80cb7.mp3', 'http://res-tts.iciba.com/7/c/4/7c49b153d4b59f8c0cf8c3e18dc80cb7.mp3', '[\"n. 起源，根源;出身;[数]原点，起点;[解]（筋，神经的）起端;\"]', '2019-05-06'),
(34, 1, 2, 'outset\r', 'ˈaʊtset', 'ˈaʊtˌsɛt', 'http://res.iciba.com/resource/amp3/oxford/0/5b/b9/5bb983d0b60f0f2caa9ed4cb6fd33e94.mp3', 'http://res.iciba.com/resource/amp3/1/0/7e/9a/7e9a8014e9a9073a06e9602c54bb2173.mp3', 'http://res-tts.iciba.com/7/e/9/7e9a8014e9a9073a06e9602c54bb2173.mp3', '[\"n. 开始，开端;\"]', '2019-05-06'),
(35, 1, 2, 'shadow\r', 'ˈʃædəʊ', 'ˈʃædoʊ', 'http://res.iciba.com/resource/amp3/oxford/0/bb/08/bb088f23ad1f45657bcd1c4210ae29a3.mp3', 'http://res.iciba.com/resource/amp3/1/0/3b/f1/3bf1114a986ba87ed28fc1b5884fc2f8.mp3', 'http://res-tts.iciba.com/3/b/f/3bf1114a986ba87ed28fc1b5884fc2f8.mp3', '[\"n. 阴影;影子;鬼，幽灵;隐蔽处;\",\"vt. 投阴影于;使朦胧;跟踪，尾随;预示;\",\"vi. 渐变;阴沉;\",\"adj. 影子内阁的;阴影的;非正式的;\"]', '2019-05-06'),
(36, 1, 2, 'background\r', 'ˈbækgraʊnd', 'ˈbækˌɡraʊnd', 'http://res.iciba.com/resource/amp3/oxford/0/cf/21/cf21a9e57fac03dab40b0339917c6f72.mp3', 'http://res.iciba.com/resource/amp3/1/0/d2/29/d229bbf31eaeebc7c88897732d8b932d.mp3', 'http://res-tts.iciba.com/d/2/2/d229bbf31eaeebc7c88897732d8b932d.mp3', '[\"n. （画等的）背景;底色;背景资料;配乐;\"]', '2019-05-06'),
(37, 1, 2, 'opacity\r', 'əʊˈpæsəti', 'oʊˈpæsəti', 'http://res.iciba.com/resource/amp3/oxford/0/fb/b9/fbb9160577357b21ab4c5bfd29447a5d.mp3', 'http://res.iciba.com/resource/amp3/1/0/a4/43/a44359421a97c76c01b5dd673f421fdd.mp3', 'http://res-tts.iciba.com/a/4/4/a44359421a97c76c01b5dd673f421fdd.mp3', '[\"n. 不透明性;费解;难懂;模糊;\"]', '2019-05-06'),
(38, 1, 2, 'family\r', 'ˈfæməli', 'ˈfæmli', '', 'http://res.iciba.com/resource/amp3/1/0/0d/3f/0d3fda0bdbb9d619e09cdf3eecba7999.mp3', 'http://res-tts.iciba.com/0/d/3/0d3fda0bdbb9d619e09cdf3eecba7999.mp3', '[\"n. 家庭;家族;孩子;祖先;\",\"adj. 家庭的;一家所有的;属于家庭的;适合全家人的;\"]', '2019-05-06'),
(39, 1, 2, 'weight\r', 'weɪt', 'wet', 'http://res.iciba.com/resource/amp3/oxford/0/71/52/7152c2fcd6be1f1ea2e1a2e26357b935.mp3', 'http://res.iciba.com/resource/amp3/1/0/7e/da/7edabf994b76a00cbc60c95af337db8f.mp3', 'http://res-tts.iciba.com/7/e/d/7edabf994b76a00cbc60c95af337db8f.mp3', '[\"n. 重量，体重;重担，重任;重要;[统]权，加重值，权重;\",\"vt. 加重于，使变重;使负重，使负担或压迫;[统]使加权，附加加重值于;\"]', '2019-05-06'),
(40, 1, 2, 'stretch\r', 'stretʃ', 'strɛtʃ', 'http://res.iciba.com/resource/amp3/oxford/0/3a/98/3a983484e4681c23a30190bbb314be1d.mp3', 'http://res.iciba.com/resource/amp3/1/0/7e/84/7e84944493e379c33782eb1c9ecb82c3.mp3', 'http://res-tts.iciba.com/7/e/8/7e84944493e379c33782eb1c9ecb82c3.mp3', '[\"v. 伸展;延伸;持续;包括;\",\"n. 伸展;弹性;一片;一段时间;\",\"adj. 可伸缩的;弹性的;\"]', '2019-05-06'),
(41, 1, 2, 'adjust\r', 'əˈdʒʌst', 'əˈdʒʌst', 'http://res.iciba.com/resource/amp3/oxford/0/d2/05/d2056a6a7b73c9c3d43c78c27680c403.mp3', 'http://res.iciba.com/resource/amp3/1/0/3b/77/3b7770f7743e8f01f0fd807f304a21d0.mp3', 'http://res-tts.iciba.com/3/b/7/3b7770f7743e8f01f0fd807f304a21d0.mp3', '[\"vt.& vi. （改变…以）适应，调整，校正;调准（望远镜等），对准，校正，校准（机械等）;核算（盈亏）;[保]评定（赔偿要求）;\"]', '2019-05-06'),
(42, 1, 2, 'transform\r', 'trænsˈfɔ:m', 'trænsˈfɔrm', 'http://res.iciba.com/resource/amp3/oxford/0/6d/33/6d330fa99ea079bc22f629872cb0677e.mp3', 'http://res.iciba.com/resource/amp3/1/0/d8/25/d825c53d89d9cacb3e034bcb138f3d37.mp3', 'http://res-tts.iciba.com/d/8/2/d825c53d89d9cacb3e034bcb138f3d37.mp3', '[\"vt. 改变;改观;变换;\",\"vi. 改变;\",\"n. [数]变换式;\"]', '2019-05-06'),
(43, 1, 2, 'space\r', 'speɪs', ' spes', 'http://res.iciba.com/resource/amp3/oxford/0/4d/47/4d4761fae06ee9d20ce43ec473733c47.mp3', 'http://res.iciba.com/resource/amp3/1/0/ff/23/ff2364a0be3d20e46cc69efb36afe9a5.mp3', 'http://res-tts.iciba.com/f/f/2/ff2364a0be3d20e46cc69efb36afe9a5.mp3', '[\"n. 空间，太空;空白，间隔;空隙;片刻;\",\"vt. 把…分隔开，留间隔于…之间;\",\"vi. 以一定间隔排列;\"]', '2019-05-06'),
(44, 1, 2, 'indent\r', 'ɪnˈdent', 'ɪnˈdent', 'http://res.iciba.com/resource/amp3/0/0/ea/d6/ead60a4fe9e35d6e4f9f3e8ebdf32d02.mp3', 'http://res.iciba.com/resource/amp3/1/0/ea/d6/ead60a4fe9e35d6e4f9f3e8ebdf32d02.mp3', 'http://res-tts.iciba.com/e/a/d/ead60a4fe9e35d6e4f9f3e8ebdf32d02.mp3', '[\"vt. 切割…使呈锯齿状;缩进排版;\"]', '2019-05-06'),
(45, 1, 2, 'align\r', 'əˈlaɪn', 'əˈlaɪn', 'http://res.iciba.com/resource/amp3/oxford/0/8f/d2/8fd25d057a27041b1c1587b4fcf4d482.mp3', 'http://res.iciba.com/resource/amp3/1/0/f7/92/f792d1afb0399dce47533bead9d71a8a.mp3', 'http://res-tts.iciba.com/f/7/9/f792d1afb0399dce47533bead9d71a8a.mp3', '[\"vt. 使成一线，使结盟;排整齐;\",\"vi. 排列;成一条线;\"]', '2019-05-06'),
(46, 1, 2, 'vertical\r', 'ˈvɜ:tɪkl', 'ˈvɜrtɪkl', 'http://res.iciba.com/resource/amp3/oxford/0/10/cc/10cc728ad1f35ac93f6e308b6205beff.mp3', 'http://res.iciba.com/resource/amp3/1/0/e6/de/e6dec152d6a941fccb0a5e8cc2579cc3.mp3', 'http://res-tts.iciba.com/e/6/d/e6dec152d6a941fccb0a5e8cc2579cc3.mp3', '[\"adj. 垂直的，竖立的;[解]头顶的;顶点的;[植]纵长的，直上的;\",\"n. 垂直线，垂直面;[建]竖杆;垂直位置;\"]', '2019-05-06'),
(47, 1, 2, 'variant\r', 'ˈveəriənt', 'ˈveriənt', 'http://res.iciba.com/resource/amp3/oxford/0/7d/c8/7dc89132e67e5d3c2ac0016206e220eb.mp3', 'http://res.iciba.com/resource/amp3/1/0/aa/7a/aa7ac8cd5e0a6993a177746279cc00d2.mp3', 'http://res-tts.iciba.com/a/a/7/aa7ac8cd5e0a6993a177746279cc00d2.mp3', '[\"n. （词等的）变体，（字音的）转讹;[生]变种，变异体;变形，变量，转化;[统]变式;\",\"adj. 不同的，相异的，不一致的;多样的;变异的;易变的，不定的;\"]', '2019-05-06'),
(48, 1, 2, 'wrap\r', 'ræp', 'ræp', 'http://res.iciba.com/resource/amp3/oxford/0/f4/17/f4179acbccdc37ec292c91781e29193f.mp3', 'http://res.iciba.com/resource/amp3/1/0/cc/fc/ccfc59a528a109fa4204e8ea06e8b68b.mp3', 'http://res-tts.iciba.com/c/c/f/ccfc59a528a109fa4204e8ea06e8b68b.mp3', '[\"vt. 包;缠绕;用…包裹（或包扎、覆盖等）;掩护;\",\"n. 膝毯，披肩，围巾，围脖，头巾，罩衫，外套，大衣;包装纸;〈俚〉机密;\",\"vi. 缠绕，盘绕（通常与 over, around 等连用）;包上，裹上;穿上（衣服等）;\"]', '2019-05-06'),
(49, 1, 2, 'break\r', 'breɪk', 'brek', 'http://res.iciba.com/resource/amp3/oxford/0/82/6f/826f948851bb9ca500f14b8b0962823b.mp3', 'http://res.iciba.com/resource/amp3/1/0/1c/bf/1cbfb724ceee46cd879df7c7cfbe7dca.mp3', 'http://res-tts.iciba.com/1/c/b/1cbfb724ceee46cd879df7c7cfbe7dca.mp3', '[\"vt. （使）破;打破（纪录）;（常指好天气）突变;开始;\",\"vi. （嗓音）突变;突破;破晓;（价格）突然下跌;\",\"n. 破裂;中间休息;间断;短假;\"]', '2019-05-06'),
(50, 1, 2, 'decoration\r', 'ˌdekəˈreɪʃn', 'ˌdɛkəˈreʃən', 'http://res.iciba.com/resource/amp3/oxford/0/2a/1f/2a1ff75a4364288b384e4910d2030e49.mp3', 'http://res.iciba.com/resource/amp3/1/0/04/4d/044d1970901083698a30d5462ed773f2.mp3', 'http://res-tts.iciba.com/0/4/4/044d1970901083698a30d5462ed773f2.mp3', '[\"n. 装饰，装潢;装饰品;装饰图案，装饰风格;奖章;\"]', '2019-05-06'),
(51, 1, 2, 'skip\r', 'skɪp', 'skɪp', 'http://res.iciba.com/resource/amp3/oxford/0/b7/59/b7596b82be8bc1e24b90046847fa6222.mp3', 'http://res.iciba.com/resource/amp3/1/0/08/b4/08b43519a7e36ee4c6c5615d1663bcfd.mp3', 'http://res-tts.iciba.com/0/8/b/08b43519a7e36ee4c6c5615d1663bcfd.mp3', '[\"vi. 跳;跳绳;悄悄溜走;快速转移;\",\"vt. 略过;跳过;漏过;不做（应做的事等）;\",\"n. 跳，蹦跳;废料桶（装工地废料，由卡车拖走）;跳跃;\"]', '2019-05-06'),
(52, 1, 2, 'line\r', 'laɪn', 'laɪn', 'http://res.iciba.com/resource/amp3/oxford/0/f3/3d/f33d2f12b98a27bdd6e53cd929f33176.mp3', 'http://res.iciba.com/resource/amp3/1/0/64/38/6438c669e0d0de98e6929c2cc0fac474.mp3', 'http://res-tts.iciba.com/6/4/3/6438c669e0d0de98e6929c2cc0fac474.mp3', '[\"n. 线条;排;行列;界线;\",\"vt. 排队;用线标出;沿…排列成行;给…安衬里;\",\"vi. 形成一层;排队;击出平直球;\"]', '2019-05-06'),
(53, 1, 2, 'direction\r', 'dəˈrekʃn', 'dɪˈrɛkʃən, daɪ-', 'http://res.iciba.com/resource/amp3/oxford/0/5e/51/5e51edb5e3f050b085b89d16672dfbb9.mp3', 'http://res.iciba.com/resource/amp3/1/0/ef/72/ef72c37be9d1b9e6e5bbd6ef09448abe.mp3', 'http://res-tts.iciba.com/e/f/7/ef72c37be9d1b9e6e5bbd6ef09448abe.mp3', '[\"n. 方向;趋势;方面;用法说明;\"]', '2019-05-06'),
(54, 1, 2, 'unicode\r', '\'ju:nɪˌkəʊd', '\'jʊnɪˌkoʊd', '', '', 'http://res-tts.iciba.com/8/a/b/8ab3b19e134f01fbaf94b8e15f3df090.mp3', '[\" 统一码（采用双字节对字符进行编码）;\"]', '2019-05-06'),
(55, 1, 2, 'mode\r', 'məʊd', 'moʊd', 'http://res.iciba.com/resource/amp3/0/0/15/d6/15d61712450a686a7f365adf4fef581f.mp3', 'http://res.iciba.com/resource/amp3/1/0/15/d6/15d61712450a686a7f365adf4fef581f.mp3', 'http://res-tts.iciba.com/1/5/d/15d61712450a686a7f365adf4fef581f.mp3', '[\"n. 方式;状况;时尚，风尚;调式;\"]', '2019-05-06'),
(56, 1, 2, 'table\r', 'ˈteɪbl', 'ˈtebəl', 'http://res.iciba.com/resource/amp3/oxford/0/f7/a4/f7a459ab79daa76df3ea66245b23f3ee.mp3', 'http://res.iciba.com/resource/amp3/1/0/aa/b9/aab9e1de16f38176f86d7a92ba337a8d.mp3', 'http://res-tts.iciba.com/a/a/b/aab9e1de16f38176f86d7a92ba337a8d.mp3', '[\"n. 表，目录;桌子;手术台，工作台，游戏台;平地层;\",\"vt. 制表;搁置;嵌合;搁置;\",\"adj. 桌子的;\"]', '2019-05-06'),
(57, 1, 2, 'empty\r', 'ˈempti', 'ˈɛmpti', 'http://res.iciba.com/resource/amp3/oxford/0/04/0e/040e5b963341afebd611e31b44efa9ca.mp3', 'http://res.iciba.com/resource/amp3/1/0/a2/e4/a2e4822a98337283e39f7b60acf85ec9.mp3', 'http://res-tts.iciba.com/a/2/e/a2e4822a98337283e39f7b60acf85ec9.mp3', '[\"adj. 空的，空虚的，空洞的;空闲的，无效的，徒劳的;无聊的，愚蠢的;言语或行动空洞的;\",\"vt. （使）成为空的， 把…弄空;把…腾出来;\",\"vi. 成为空的;流空;\",\"n. 空车;空的东西;\"]', '2019-05-06'),
(58, 1, 2, 'cell\r', 'sel', 'sɛl', 'http://res.iciba.com/resource/amp3/oxford/0/5e/7e/5e7e2f04f1622f3df10a13a4bc7ba6e8.mp3', 'http://res.iciba.com/resource/amp3/1/0/8d/27/8d27600b0cae5308441ddf6d9bb3c74c.mp3', 'http://res-tts.iciba.com/8/d/2/8d27600b0cae5308441ddf6d9bb3c74c.mp3', '[\"n. <生>细胞;小牢房;电池;<诗>墓穴;\",\"vi. 住在牢房或小室中;\",\"vt. 囚禁;\"]', '2019-05-06'),
(59, 1, 2, 'increment\r', 'ˈɪŋkrəmənt', 'ˈɪnkrəmənt, ˈɪŋ-', 'http://res.iciba.com/resource/amp3/oxford/0/d6/63/d663edac9ce1139dd75beed4f30b99da.mp3', 'http://res.iciba.com/resource/amp3/1/0/8c/36/8c36426826ccf38cedc202042ef32a38.mp3', 'http://res-tts.iciba.com/8/c/3/8c36426826ccf38cedc202042ef32a38.mp3', '[\"n. 增长;增量;增额; 定期的加薪;\"]', '2019-05-06'),
(60, 1, 2, 'reset\r', 'ˌri:ˈset', 'riˈsɛt', 'http://res.iciba.com/resource/amp3/oxford/0/5a/43/5a4311dd60c679c154e2269f6ba8559a.mp3', 'http://res.iciba.com/resource/amp3/1/0/86/26/86266ee937d97f812a8e57d22b62ee29.mp3', 'http://res-tts.iciba.com/8/6/2/86266ee937d97f812a8e57d22b62ee29.mp3', '[\"vt. 重置;重排;重新安装;\",\"n. 重新放置;重放之物;\",\"vi. 重置;清零;\"]', '2019-05-06'),
(61, 1, 2, 'quote\r', 'kwəʊt', 'kwoʊt', 'http://res.iciba.com/resource/amp3/0/0/7a/67/7a674c327bfa07f7c1204fb38ca6ef3b.mp3', 'http://res.iciba.com/resource/amp3/1/0/7a/67/7a674c327bfa07f7c1204fb38ca6ef3b.mp3', 'http://res-tts.iciba.com/7/a/6/7a674c327bfa07f7c1204fb38ca6ef3b.mp3', '[\"vt.& vi. 引述，引用;\",\"vt. 报价;引述;\",\"vi. 引用;\",\"n. 引用;报价;引号;\"]', '2019-05-06'),
(62, 1, 2, 'appearance\r', 'əˈpɪərəns', 'əˈpɪrəns', 'http://res.iciba.com/resource/amp3/oxford/0/04/9c/049c576577e1f8263610d42618bfdabb.mp3', 'http://res.iciba.com/resource/amp3/1/0/9a/ee/9aeef72f66f72a93610d89bc3bd9502a.mp3', 'http://res-tts.iciba.com/9/a/e/9aeef72f66f72a93610d89bc3bd9502a.mp3', '[\"n. 外貌，外观;出现，露面;[哲]现象;\"]', '2019-05-06'),
(63, 1, 2, 'outline\r', 'ˈaʊtlaɪn', 'ˈaʊtˌlaɪn', 'http://res.iciba.com/resource/amp3/oxford/0/27/b2/27b22ed6ae0bb24c53e794afcbd5ba5d.mp3', 'http://res.iciba.com/resource/amp3/1/0/1a/18/1a18f19535b3b1edd5de7f535141f476.mp3', 'http://res-tts.iciba.com/1/a/1/1a18f19535b3b1edd5de7f535141f476.mp3', '[\"n. 梗概，大纲，提纲，草稿，要点，主要原则;外形，轮廓，轮廓线，轮廓画法，略图（画法）;\",\"vt. 概述;略述;画轮廓，打草图，描略图;\"]', '2019-05-06'),
(64, 1, 2, 'offset\r', 'ˈɒfset', 'ˈɔfset', 'http://res.iciba.com/resource/amp3/oxford/0/08/94/08940088158bb7921909fb25e5115efc.mp3', 'http://res.iciba.com/resource/amp3/1/0/7a/86/7a86c157ee9713c34fbd7a1ee40f0c5a.mp3', 'http://res-tts.iciba.com/7/a/8/7a86c157ee9713c34fbd7a1ee40f0c5a.mp3', '[\"vt. 抵消;补偿;（为了比较的目的而）把…并列（或并置）;为（管道等）装支管;\",\"vi. 形成分支，长出分枝;装支管;\",\"n. 开端;出发;平版印刷;抵消，补偿;\",\"adj. 分支的;偏（离中）心的;抵消的;开端的;\"]', '2019-05-06'),
(65, 1, 2, 'navigation\r', 'ˌnævɪˈgeɪʃn', 'ˌnævɪˈɡeʃən', 'http://res.iciba.com/resource/amp3/oxford/0/f2/da/f2da480c79480f7a249b80f8e25e5e4c.mp3', 'http://res.iciba.com/resource/amp3/1/0/fd/91/fd9160bbd656f75ab74e8935e4330d9e.mp3', 'http://res-tts.iciba.com/f/d/9/fd9160bbd656f75ab74e8935e4330d9e.mp3', '[\"n. 航行（学）;航海（术）;海上交通;\"]', '2019-05-06'),
(66, 1, 2, 'cursor\r', 'ˈkɜ:sə(r)', 'ˈkɜrsə(r)', 'http://res.iciba.com/resource/amp3/0/0/17/91/1791a97a8403730ee0760489a2aeb992.mp3', 'http://res.iciba.com/resource/amp3/1/0/17/91/1791a97a8403730ee0760489a2aeb992.mp3', 'http://res-tts.iciba.com/1/7/9/1791a97a8403730ee0760489a2aeb992.mp3', '[\"n. 光标;\"]', '2019-05-06'),
(67, 1, 2, 'zoom\r', 'zu:m', 'zum', 'http://res.iciba.com/resource/amp3/oxford/0/af/a2/afa292fe2dfd098ca86bd7ea993f885f.mp3', 'http://res.iciba.com/resource/amp3/1/0/15/91/15913c103a5238e5a80ac2f498ee090d.mp3', 'http://res-tts.iciba.com/1/5/9/15913c103a5238e5a80ac2f498ee090d.mp3', '[\"vi. 嗡嗡作响;急速上升;\",\"n. 嗡嗡声;隆隆声;（车辆等）疾驰的声音;变焦;\",\"vt. 使急速上升;使猛增;\"]', '2019-05-06'),
(68, 1, 2, 'resize\r', 'ˌri:ˈsaɪz', ',ri\'saɪz', 'http://res.iciba.com/resource/amp3/oxford/0/24/d7/24d7b1c91a3d386e16e1edb5c6cc50d7.mp3', '', 'http://res-tts.iciba.com/d/c/3/dc3d3b1a336fbbd51585e31c95f45c83.mp3', '[\"v. 调整大小;\"]', '2019-05-06'),
(69, 1, 2, 'pointer\r', 'ˈpɔɪntə(r)', 'ˈpɔɪntɚ', 'http://res.iciba.com/resource/amp3/oxford/0/71/1d/711dae00d3caa18d9de5871ad8d0be12.mp3', 'http://res.iciba.com/resource/amp3/1/0/cc/ac/ccac8a66d468e2522611be86933cc0d9.mp3', 'http://res-tts.iciba.com/c/c/a/ccac8a66d468e2522611be86933cc0d9.mp3', '[\"n. 建议;线索;教鞭;（测量仪器上的）指针;\"]', '2019-05-06'),
(70, 1, 2, 'column\r', 'ˈkɒləm', 'ˈkɑləm', 'http://res.iciba.com/resource/amp3/0/0/1a/fd/1afd32818d1c9525f82aff4c09efd254.mp3', 'http://res.iciba.com/resource/amp3/1/0/1a/fd/1afd32818d1c9525f82aff4c09efd254.mp3', 'http://res-tts.iciba.com/1/a/f/1afd32818d1c9525f82aff4c09efd254.mp3', '[\"n. 纵队，列;圆柱;专栏;\"]', '2019-05-06'),
(71, 1, 2, 'gap\r', 'gæp', 'ɡæp', 'http://res.iciba.com/resource/amp3/oxford/0/c8/ce/c8ce00282b2f98be0bf91d5166cafe66.mp3', 'http://res.iciba.com/resource/amp3/1/0/df/9b/df9bcbd6578a1e49c06b7ec2874f9e23.mp3', 'http://res-tts.iciba.com/d/f/9/df9bcbd6578a1e49c06b7ec2874f9e23.mp3', '[\"n. 缺口;分歧;间隔;美国休闲服饰品牌;\",\"vt. 造成缝隙;使成缺口;使豁裂;\",\"vi. 豁开;张开;有缺口;露出裂口;\"]', '2019-05-06'),
(72, 1, 2, 'span\r', 'spæn', 'spæn', 'http://res.iciba.com/resource/amp3/oxford/0/7e/0b/7e0b527e42f9c66f337b288cd89edad8.mp3', 'http://res.iciba.com/resource/amp3/1/0/ea/c8/eac828e40705bfafd82ef1a82e3f5ab8.mp3', 'http://res-tts.iciba.com/e/a/c/eac828e40705bfafd82ef1a82e3f5ab8.mp3', '[\"n. 共轭（马、骡）;跨度，墩距;一段时间;[航] 跨绳;\",\"vt. 缚住或扎牢;跨越时间或空间;以掌测量;以手围绕测量类似测量;\"]', '2019-05-06'),
(73, 1, 2, 'fill\r', 'fɪl', 'fɪl', 'http://res.iciba.com/resource/amp3/oxford/0/97/52/9752f7ce6b2a3ba575473a564787dfaf.mp3', 'http://res.iciba.com/resource/amp3/1/0/a5/52/a552c74784b3a82177bca6c8adde0efb.mp3', 'http://res-tts.iciba.com/a/5/5/a552c74784b3a82177bca6c8adde0efb.mp3', '[\"vt.& vi. （使）充满，（使）装满;\",\"vt. 满足;配药;（按订单）供应;使充满（感情）;\",\"n. 填满…的量;充分;装填物;路堤;\"]', '2019-05-06'),
(74, 1, 2, 'before\r', 'bɪˈfɔ:(r)', 'bɪˈfɔr,-ˈfor', 'http://res.iciba.com/resource/amp3/oxford/0/22/77/227721657e577d4ccb940005fd98bb0d.mp3', 'http://res.iciba.com/resource/amp3/1/0/2f/44/2f44417567bc123bd7c60de8c2a2b444.mp3', 'http://res-tts.iciba.com/2/f/4/2f44417567bc123bd7c60de8c2a2b444.mp3', '[\"prep. 在…之前;先于，优于;当着…的面;与其…;\",\"conj. 在…之前;在…以前;比…早些;与其…;\",\"adv. 先前，从前;在前，在前方;\"]', '2019-05-06'),
(75, 1, 2, 'after\r', 'ˈɑ:ftə(r)', 'ˈæftə(r)', 'http://res.iciba.com/resource/amp3/oxford/0/9f/b5/9fb566b77527098699ec5a0c7e177eeb.mp3', 'http://res.iciba.com/resource/amp3/1/0/63/2a/632a2406bbcbcd553eec45ac14b40a0a.mp3', 'http://res-tts.iciba.com/6/3/2/632a2406bbcbcd553eec45ac14b40a0a.mp3', '[\"prep. …后的;（表示时间）在…以后;（表示位置、顺序）在…后面;\",\"conj. 在…以后;\",\"adv. 以后，继后;\",\"adj. 后来的，以后的;\"]', '2019-05-06'),
(76, 1, 2, 'inside\r', 'ˌɪnˈsaɪd', 'ɪnˈsaɪd, ˈɪnˌsaɪd', 'http://res.iciba.com/resource/amp3/oxford/0/84/57/8457539b6423e0b604a5b0556743a5ab.mp3', 'http://res.iciba.com/resource/amp3/1/0/33/5c/335cf4508dd597be4bfc9caa3e08b901.mp3', 'http://res-tts.iciba.com/3/3/5/335cf4508dd597be4bfc9caa3e08b901.mp3', '[\"adj. 里面的，内部的;内幕的;内侧的;\",\"n. 里面，内侧;内脏;内容，内幕;（道路或跑道拐弯处的）内侧;\",\"adv. 在内地，在内部地;在内侧地;在监狱里;\",\"prep. 在…以内;在内侧或内部;进入里面;\"]', '2019-05-06'),
(77, 1, 2, 'item\r', 'ˈaɪtəm', 'ˈaɪtəm', 'http://res.iciba.com/resource/amp3/oxford/0/b0/8e/b08e8fe815b1298862d50b2f54667c79.mp3', '', 'http://res-tts.iciba.com/4/4/7/447b7147e84be512208dcc0995d67ebc.mp3', '[\"n. 条，条款;项目;一则;一件商品（或物品）;\"]', '2019-05-06'),
(78, 1, 2, 'grow\r', 'grəʊ', 'groʊ', 'http://res.iciba.com/resource/amp3/0/0/4d/20/4d200fce73a8e1cc965cfc2c43343824.mp3', 'http://res.iciba.com/resource/amp3/1/0/4d/20/4d200fce73a8e1cc965cfc2c43343824.mp3', 'http://res-tts.iciba.com/4/d/2/4d200fce73a8e1cc965cfc2c43343824.mp3', '[\"vt. 种植;扩大;扩展;增加;\",\"vi. 生长;渐渐变得;逐渐开始;\",\"vt.& vi. （使）留长，蓄长;\"]', '2019-05-06'),
(79, 1, 2, 'shrink\r', 'ʃrɪŋk', 'ʃrɪŋk', 'http://res.iciba.com/resource/amp3/oxford/0/ce/4c/ce4cabd43152e9e210e7e3f5f1251135.mp3', 'http://res.iciba.com/resource/amp3/1/0/91/80/91808da94826016395b10b662ed4363b.mp3', 'http://res-tts.iciba.com/9/1/8/91808da94826016395b10b662ed4363b.mp3', '[\"vt.& vi. 收缩，皱缩;（使）缩水;退缩，畏缩;\",\"n. 收缩;畏缩;<俚>精神病学家;\"]', '2019-05-06'),
(80, 1, 2, 'order\r', 'ˈɔ:də(r)', 'ˈɔrdə(r)', 'http://res.iciba.com/resource/amp3/oxford/0/92/24/92241669f8ca20b35d39b45cf00249cd.mp3', 'http://res.iciba.com/resource/amp3/1/0/70/a1/70a17ffa722a3985b86d30b034ad06d7.mp3', 'http://res-tts.iciba.com/7/0/a/70a17ffa722a3985b86d30b034ad06d7.mp3', '[\"n. 命令;秩序;规则，制度;次序;\",\"vt. 命令;订购;整理;\",\"vi. 下订单;\"]', '2019-05-06'),
(81, 1, 2, 'perspective\r', 'pəˈspektɪv', 'pərˈspektɪv', 'http://res.iciba.com/resource/amp3/oxford/0/45/45/45457c68044710aed38861b92c36ccc7.mp3', 'http://res.iciba.com/resource/amp3/1/0/c7/78/c77848cc02fefd0c360ce733a4affd93.mp3', 'http://res-tts.iciba.com/c/7/7/c77848cc02fefd0c360ce733a4affd93.mp3', '[\"n. 透镜，望远镜;观点，看法;远景，景色;洞察力;\",\"adj. （按照）透视画法的;透视的;\"]', '2019-05-06'),
(82, 1, 2, 'duration\r', 'djuˈreɪʃn', 'duˈreɪʃn', 'http://res.iciba.com/resource/amp3/oxford/0/21/d1/21d166ed11f5330441dc3ebb1765c8b2.mp3', 'http://res.iciba.com/resource/amp3/1/0/b8/5e/b85ec314bf443b797ef8a66b3b03f8a4.mp3', 'http://res-tts.iciba.com/b/8/5/b85ec314bf443b797ef8a66b3b03f8a4.mp3', '[\"n. 持续，持续的时间，期间;（时间的）持续，持久，连续;[语音学]音长，音延;\"]', '2019-05-06'),
(83, 1, 2, 'function\r', 'ˈfʌŋkʃn', 'ˈfʌŋkʃən', 'http://res.iciba.com/resource/amp3/oxford/0/92/58/9258a39d3792b2d40484da5e2ad8eda7.mp3', 'http://res.iciba.com/resource/amp3/1/0/c1/c4/c1c425268e68385d1ab5074c17a94f14.mp3', 'http://res-tts.iciba.com/c/1/c/c1c425268e68385d1ab5074c17a94f14.mp3', '[\"n. 功能，作用;应变量，函数;职务;重大聚会;\",\"vi. 有或起作用;行使职责;\"]', '2019-05-06'),
(84, 1, 2, 'timing\r', 'ˈtaɪmɪŋ', 'ˈtaɪmɪŋ', 'http://res.iciba.com/resource/amp3/oxford/0/f5/cc/f5ccbcf1e05dea0831b2c573cce3889b.mp3', 'http://res.iciba.com/resource/amp3/1/0/4a/d8/4ad8aa3a3571ea912a6ec5ea5fdcc93c.mp3', 'http://res-tts.iciba.com/4/a/d/4ad8aa3a3571ea912a6ec5ea5fdcc93c.mp3', '[\"n. 时机掌握;配光;记时;定时;\"]', '2019-05-06'),
(85, 1, 2, 'delay\r', 'dɪˈleɪ', 'dɪˈle', 'http://res.iciba.com/resource/amp3/oxford/0/d0/59/d059da3fbb810934b947a5ec4130e7c6.mp3', 'http://res.iciba.com/resource/amp3/1/0/72/43/7243f8be75253afbadf7477867021f8b.mp3', 'http://res-tts.iciba.com/7/2/4/7243f8be75253afbadf7477867021f8b.mp3', '[\"n. 延迟，拖延;耽搁;被耽搁或推迟的时间;\",\"vt. 延期，推迟;耽搁;\",\"vi. 延缓，延期;\"]', '2019-05-06'),
(86, 1, 2, 'iteration\r', 'ˌɪtəˈreɪʃn', 'ˌɪtəˈreʃən', 'http://res.iciba.com/resource/amp3/oxford/0/d9/2b/d92b7285ae57bed8418eeae3226b4ea4.mp3', '', 'http://res-tts.iciba.com/6/f/0/6f012ea8d7efd87146dd62db83f2ed99.mp3', '[\"n. 反复;重述;重述的事;[计算机]循环;\"]', '2019-05-06'),
(87, 1, 2, 'statement\r', 'ˈsteɪtmənt', ' ˈstetmənt', 'http://res.iciba.com/resource/amp3/oxford/0/69/3d/693d593f08db3799b2414bde7b6c2e3d.mp3', 'http://res.iciba.com/resource/amp3/1/0/42/45/4245bf56d28f22197a4b30b46c809626.mp3', 'http://res-tts.iciba.com/4/2/4/4245bf56d28f22197a4b30b46c809626.mp3', '[\"n. 声明;（思想、观点、文章主题等的）表现;（文字）陈述;结算单;\",\"vi. （英国）对儿童进行特殊教育评估认定;\",\"vt. 申请（小孩）有特殊教育需要;\"]', '2019-05-06'),
(88, 1, 2, 'page\r', 'peɪdʒ', 'pedʒ', 'http://res.iciba.com/resource/amp3/oxford/0/f9/76/f9760046d038ad9b9dbdd25d0a476082.mp3', 'http://res.iciba.com/resource/amp3/1/0/71/86/71860c77c6745379b0d44304d66b6a13.mp3', 'http://res-tts.iciba.com/7/1/8/71860c77c6745379b0d44304d66b6a13.mp3', '[\"n. 页;（计算机的）页面;年史;<文>重要事件;\",\"vt. 标记…的页数;翻页;喊出名字以寻找;（在公共传呼系统上）呼叫;\",\"vi. 翻书页;浏览;\"]', '2019-05-06'),
(89, 1, 2, 'device\r', 'dɪˈvaɪs', 'dɪˈvaɪs', 'http://res.iciba.com/resource/amp3/oxford/0/12/d1/12d1ee24d7b4055051ed8e9fb31e01f6.mp3', 'http://res.iciba.com/resource/amp3/1/0/91/3f/913f9c49dcb544e2087cee284f4a00b7.mp3', 'http://res-tts.iciba.com/9/1/3/913f9c49dcb544e2087cee284f4a00b7.mp3', '[\"n. 装置，设备;方法;策略;手段;\"]', '2019-05-06'),
(90, 1, 2, 'aspect\r', 'ˈæspekt', 'ˈæspɛkt', 'http://res.iciba.com/resource/amp3/oxford/0/44/1e/441e84f26cf2647c796e89667dbfd41d.mp3', 'http://res.iciba.com/resource/amp3/1/0/e6/7e/e67e20d1ede0aa95923794d188c65fe0.mp3', 'http://res-tts.iciba.com/e/6/7/e67e20d1ede0aa95923794d188c65fe0.mp3', '[\"n. 方面;面貌;方位，方向;形势;\"]', '2019-05-06'),
(91, 1, 2, 'scan\r', 'skæn', 'skæn', 'http://res.iciba.com/resource/amp3/oxford/0/4b/2b/4b2bec57fa648591e6f7638418dc7765.mp3', 'http://res.iciba.com/resource/amp3/1/0/53/ae/53aefec08170b2ebed981a0a86d0dbe0.mp3', 'http://res-tts.iciba.com/5/3/a/53aefec08170b2ebed981a0a86d0dbe0.mp3', '[\"vt. <计>扫描;细看;细查;（雷达）对…进行扫描;\",\"n. 扫描;浏览;审视;（雷达）（屏面上的）光点;\",\"vi. （光束、雷达等）扫描;扫略;（诗歌）符合韵律;标出诗歌的格律;\"]', '2019-05-06'),
(92, 1, 2, 'grid\r', 'grɪd', 'ɡrɪd', 'http://res.iciba.com/resource/amp3/oxford/0/1c/52/1c52fe3ea248a7d94f54d1c5d7ca28a2.mp3', 'http://res.iciba.com/resource/amp3/1/0/ff/4a/ff4a008470319a22d9cf3d14af485977.mp3', 'http://res-tts.iciba.com/f/f/4/ff4a008470319a22d9cf3d14af485977.mp3', '[\"n. 格子，非实质的;地图上的坐标方格;（输电线路、天然气管道等的）系统网络;\"]', '2019-05-06'),
(93, 1, 2, 'resolution\r', 'ˌrezəˈlu:ʃn', 'ˌrɛzəˈluʃən', 'http://res.iciba.com/resource/amp3/oxford/0/04/d2/04d2d28f599c810b430512d626f67e50.mp3', 'http://res.iciba.com/resource/amp3/1/0/b7/e1/b7e164b34ff76b1cda93a058604190da.mp3', 'http://res-tts.iciba.com/b/7/e/b7e164b34ff76b1cda93a058604190da.mp3', '[\"n. 决心;解决;坚决;分辨率;\"]', '2019-05-06'),
(94, 1, 2, 'ratio\r', 'ˈreɪʃiəʊ', 'ˈreɪʃioʊ', 'http://res.iciba.com/resource/amp3/oxford/0/c7/d3/c7d3978ab24e028bedfe514ebfe61d9b.mp3', 'http://res.iciba.com/resource/amp3/1/0/82/83/8283014e6e586d80b0fbaf92ba85082f.mp3', 'http://res-tts.iciba.com/8/2/8/8283014e6e586d80b0fbaf92ba85082f.mp3', '[\"n. 比，比率;比例;系数;\",\"vt. 求出比值，除，使…成比例;将（相片）按比例放大[缩小];\"]', '2019-05-06'),
(95, 1, 2, 'drag\r', 'dræg', 'dræɡ', 'http://res.iciba.com/resource/amp3/oxford/0/97/39/97399631259aff5e99d4257f874c75e0.mp3', 'http://res.iciba.com/resource/amp3/1/0/9f/a4/9fa45db736cfb8a6df80fcad7a79d7fd.mp3', 'http://res-tts.iciba.com/9/f/a/9fa45db736cfb8a6df80fcad7a79d7fd.mp3', '[\"vt. 拖拽;吃力地往前拉;拖地而行;\",\"vi. 沿地面拖动;落后;缓慢前进;打捞;\",\"n. 拖，拉;累赘;阻力;\"]', '2019-05-06'),
(96, 1, 2, 'stroke\r', 'strəʊk', 'stroʊk', 'http://res.iciba.com/resource/amp3/0/0/96/24/9624e87065736f776bf6c4ce5db7ab0e.mp3', 'http://res.iciba.com/resource/amp3/1/0/96/24/9624e87065736f776bf6c4ce5db7ab0e.mp3', 'http://res-tts.iciba.com/9/6/2/9624e87065736f776bf6c4ce5db7ab0e.mp3', '[\"n. 一击;击球;划水动作;中风;\",\"vt. 划掉;轻抚;轻触;敲击;\",\"vi. 击球;作尾桨手，指挥划桨;\"]', '2019-05-06'),
(97, 1, 2, 'tap\r', 'tæp', 'tæp', 'http://res.iciba.com/resource/amp3/oxford/0/48/00/4800d586a2c17742f0c7e47856b9d6cf.mp3', 'http://res.iciba.com/resource/amp3/1/0/8f/98/8f98645041aa7d5f53913329c6946a6b.mp3', 'http://res-tts.iciba.com/8/f/9/8f98645041aa7d5f53913329c6946a6b.mp3', '[\"vt. 开发;（从容器等）汲取（液体）;割[打]开…取[放]液体;\",\"vi. 轻声走;跳踢踏舞;\",\"n. 龙头，阀门;塞子;电话窃听;（补鞋的）掌子;\"]', '2019-05-06'),
(98, 1, 2, 'reflect\r', 'rɪˈflekt', 'rɪˈflɛkt', 'http://res.iciba.com/resource/amp3/oxford/0/bd/c5/bdc57d50976090e637e879d75697ded9.mp3', 'http://res.iciba.com/resource/amp3/1/0/c3/61/c361ee72f1559105051ffb9bac309c5a.mp3', 'http://res-tts.iciba.com/c/3/6/c361ee72f1559105051ffb9bac309c5a.mp3', '[\"vt.& vi. 反射（光、热、声或影像）;考虑;\",\"vt. 反射，反照;表达;显示;折转;\",\"vi. 映出;反射;深思熟虑;慎重表达;\"]', '2019-05-06'),
(99, 1, 2, 'enable\r', 'ɪˈneɪbl', 'ɛˈnebəl', 'http://res.iciba.com/resource/amp3/oxford/0/20/02/2002edebe145ea02f49696a0f3cc40e2.mp3', 'http://res.iciba.com/resource/amp3/1/0/20/8f/208f156d4a803025c284bb595a7576b4.mp3', 'http://res-tts.iciba.com/2/0/8/208f156d4a803025c284bb595a7576b4.mp3', '[\"vt. 使能够，提供做…的权利[措施];使可能;授予权利或方法;\"]', '2019-05-06'),
(100, 1, 2, 'disable\r', 'dɪsˈeɪbl', 'dɪsˈebəl', 'http://res.iciba.com/resource/amp3/oxford/0/2f/f3/2ff347c8f5c64691b169c58f1e77b0e4.mp3', 'http://res.iciba.com/resource/amp3/1/0/0a/aa/0aaa87422396fdd678498793b6d5250e.mp3', 'http://res-tts.iciba.com/0/a/a/0aaa87422396fdd678498793b6d5250e.mp3', '[\"vt. 使无能力;使残废，使伤残;使无资格;使不中用;\"]', '2019-05-06'),
(101, 1, 2, 'child\r', 'tʃaɪld', 'tʃaɪld', 'http://res.iciba.com/resource/amp3/oxford/0/ea/fc/eafc1b65006395eb52e8cc240dc158db.mp3', 'http://res.iciba.com/resource/amp3/1/0/1b/7d/1b7d5726533ab525a8760351e9b5e415.mp3', 'http://res-tts.iciba.com/1/b/7/1b7d5726533ab525a8760351e9b5e415.mp3', '[\"n. 小孩，孩子;幼稚的人;产物;弟子;\"]', '2019-05-06'),
(102, 1, 2, 'root\r', 'ru:t', 'rut, rʊt', 'http://res.iciba.com/resource/amp3/oxford/0/57/ff/57ff09c3639f8ac75148eb01f145df58.mp3', 'http://res.iciba.com/resource/amp3/1/0/63/a9/63a9f0ea7bb98050796b649e85481845.mp3', 'http://res-tts.iciba.com/6/3/a/63a9f0ea7bb98050796b649e85481845.mp3', '[\"n. 根，根源;原因，本质;祖先;[乐]和弦基音;\",\"vt. 使生根;使固定;根源在于;欢呼，喝彩;\",\"vi. 生根;根除;\"]', '2019-05-06'),
(103, 1, 2, 'active\r', 'ˈæktɪv', 'ˈæktɪv', 'http://res.iciba.com/resource/amp3/oxford/0/f3/00/f300b449644a672f5eea928b93710d14.mp3', 'http://res.iciba.com/resource/amp3/1/0/c7/6a/c76a5e84e4bdee527e274ea30c680d79.mp3', 'http://res-tts.iciba.com/c/7/6/c76a5e84e4bdee527e274ea30c680d79.mp3', '[\"adj. 积极的，活跃的，有生气的;迅速的，敏捷的;有效的，起作用的;\",\"n. [语法]主动语态;积极分子，活跃的人;\"]', '2019-05-06'),
(104, 1, 2, 'focus\r', 'ˈfəʊkəs', 'ˈfoʊkəs', 'http://res.iciba.com/resource/amp3/oxford/0/89/57/8957d652c79209fd7fb66ab2cbb877ba.mp3', 'http://res.iciba.com/resource/amp3/1/0/18/18/1818d506396d77b3d035f719885c4cd1.mp3', 'http://res-tts.iciba.com/1/8/1/1818d506396d77b3d035f719885c4cd1.mp3', '[\"vt.& vi. （使）集中，（使）聚集;调整（镜头，眼睛）焦点[焦距]以便看清;\",\"vt. 调整（眼睛或者镜头的）焦距;集中（光束于）;聚焦，注视;集中注意力;\",\"n. 焦点;影象的清晰度;（活动、注意力、兴趣等的）中心;[医]病灶，病症;\"]', '2019-05-06'),
(106, 1, 2, 'hover\r', 'ˈhɒvə(r)', 'ˈhʌvər', 'http://res.iciba.com/resource/amp3/0/0/e0/54/e0542f579df8e8138ade69f8f5310bf2.mp3', 'http://res.iciba.com/resource/amp3/1/0/e0/54/e0542f579df8e8138ade69f8f5310bf2.mp3', 'http://res-tts.iciba.com/e/0/5/e0542f579df8e8138ade69f8f5310bf2.mp3', '[\"vi. 盘旋;徘徊;犹豫;\",\"n. 徘徊;盘旋;\"]', '2019-05-06'),
(107, 1, 2, 'lang\r', 'læŋ', 'læŋ', 'http://res.iciba.com/resource/amp3/0/0/75/72/7572559ca86e781ba8fe8073a0b725c6.mp3', 'http://res.iciba.com/resource/amp3/1/0/75/72/7572559ca86e781ba8fe8073a0b725c6.mp3', 'http://res-tts.iciba.com/7/5/7/7572559ca86e781ba8fe8073a0b725c6.mp3', '[\"adj. <苏格兰>长的，很久的，冗长的;\"]', '2019-05-06'),
(108, 1, 2, 'first\r', 'fɜ:st', 'fɜrst', 'http://res.iciba.com/resource/amp3/0/0/8b/04/8b04d5e3775d298e78455efc5ca404d5.mp3', 'http://res.iciba.com/resource/amp3/1/0/8b/04/8b04d5e3775d298e78455efc5ca404d5.mp3', 'http://res-tts.iciba.com/8/b/0/8b04d5e3775d298e78455efc5ca404d5.mp3', '[\"n. 第一，最初;头等;一号，;[乐]高音部;\",\"adv. 最早，最初;首次;宁愿;优先;\",\"adj. 第一流的;最初的，最早的;基本的，概要的;高音的;\",\"num. 第一;\"]', '2019-05-06'),
(109, 1, 2, 'placeholder\r', 'ˈpleɪshəʊldə(r)', 'ˈpleɪshoʊldə(r)', 'http://res.iciba.com/resource/amp3/oxford/0/54/c1/54c19225b5cfd424ea6dc2df20e58ead.mp3', 'http://res.iciba.com/resource/amp3/1/0/6a/99/6a99c575ab87f8c7d1ed1e52e7e349ce.mp3', 'http://res-tts.iciba.com/6/a/9/6a99c575ab87f8c7d1ed1e52e7e349ce.mp3', '[\"n. 占位符;\"]', '2019-05-06'),
(110, 1, 2, 'important\r', 'ɪmˈpɔ:tnt', 'ɪmˈpɔrtnt', 'http://res.iciba.com/resource/amp3/oxford/0/f9/44/f94433caf4012fda7b1ac0d9c889fe9e.mp3', 'http://res.iciba.com/resource/amp3/1/0/48/81/48818f3da3d36ad762480b319b56f588.mp3', 'http://res-tts.iciba.com/4/8/8/48818f3da3d36ad762480b319b56f588.mp3', '[\"adj. 重要的;权威的;有势力的;有地位的;\"]', '2019-05-06'),
(111, 1, 2, 'comment\r', 'ˈkɒment', 'ˈkɑment', 'http://res.iciba.com/resource/amp3/oxford/0/f4/ca/f4ca8f1ef7bd221775ba33cef5db6fb7.mp3', 'http://res.iciba.com/resource/amp3/1/0/06/d4/06d4cd63bde972fc66a0aed41d2f5c51.mp3', 'http://res-tts.iciba.com/0/6/d/06d4cd63bde972fc66a0aed41d2f5c51.mp3', '[\"n. 评论;解释;批评;指责;\",\"v. 表达意见;作出评论;\"]', '2019-05-06'),
(112, 1, 2, 'charset\r', 't\'ʃɑ:set', 't\'ʃɑset', '', '', 'http://res-tts.iciba.com/d/b/d/dbd153490a1c3720a970a611afc4371c.mp3', '[\"n. 字符集;\"]', '2019-05-06'),
(113, 1, 2, 'keyframe\r', 'ki:f\'reɪm', 'kif\'reɪm', '', '', 'http://res-tts.iciba.com/3/7/f/37fb97af9648883e29575e1980e92d9c.mp3', '[\" 键架;\"]', '2019-05-06'),
(114, 1, 2, 'support\r', 'səˈpɔ:t', 'səˈpɔrt', 'http://res.iciba.com/resource/amp3/0/0/43/49/434990c8a25d2be94863561ae98bd682.mp3', 'http://res.iciba.com/resource/amp3/1/0/43/49/434990c8a25d2be94863561ae98bd682.mp3', 'http://res-tts.iciba.com/4/3/4/434990c8a25d2be94863561ae98bd682.mp3', '[\"vt. 支持;帮助;支撑;维持;\",\"n. 支撑;支持者;[数学]支集;支撑物;\"]', '2019-05-06'),
(115, 1, 2, 'media\r', 'ˈmi:diə', 'ˈmidiə', 'http://res.iciba.com/resource/amp3/oxford/0/ce/df/cedffd4407b7fff270b246d9088db207.mp3', 'http://res.iciba.com/resource/amp3/1/0/62/93/62933a2951ef01f4eafd9bdf4d3cd2f0.mp3', 'http://res-tts.iciba.com/6/2/9/62933a2951ef01f4eafd9bdf4d3cd2f0.mp3', '[\"n. 媒体;[解剖学]血管中层;[语音学] 浊塞音;介质;[医]培养基;\"]', '2019-05-06'),
(116, 1, 2, 'angle\r', 'ˈæŋgl', 'ˈæŋɡəl', 'http://res.iciba.com/resource/amp3/oxford/0/5c/49/5c499ad15ab5b81c9cde5a55da0022b5.mp3', 'http://res.iciba.com/resource/amp3/1/0/89/91/899186f7879ef9f1cf011b415f548c03.mp3', 'http://res-tts.iciba.com/8/9/9/899186f7879ef9f1cf011b415f548c03.mp3', '[\"n. 角;[比喻]（考虑、问题的）角度;观点;轮廓鲜明的突出体;\",\"vt. 使形成（或弯成）角度;把…放置成一角度;调整（或对准）…的角度;使（新闻、报道等）带有倾向性;\",\"vi. 垂钓;斜移;弯曲成一角度;从（某角度）报道;\"]', '2019-05-06'),
(117, 1, 2, 'deg\r', '\'deɡ', '\'deɡ', '', '', 'http://res-tts.iciba.com/3/e/9/3e9eb617073a0597ec590d7bd0f2a407.mp3', '[\"abbr. degree(s) 度;degenerate 退化的;degeneration 恶化;diethanolglycine 二乙醇甘氨酸;\"]', '2019-05-06'),
(118, 1, 2, 'frequency\r', 'ˈfri:kwənsi', 'ˈfrikwənsi', 'http://res.iciba.com/resource/amp3/oxford/0/85/23/852367da9594752387aa0c1270c6df7f.mp3', 'http://res.iciba.com/resource/amp3/1/0/fa/d6/fad6c43b628858e0b472d0c164557fcf.mp3', 'http://res-tts.iciba.com/f/a/d/fad6c43b628858e0b472d0c164557fcf.mp3', '[\"n. 频繁性;[数][物]频率，次数;频率分布;\"]', '2019-05-06'),
(119, 1, 2, 'current\r', 'ˈkʌrənt', 'ˈkɜrənt', 'http://res.iciba.com/resource/amp3/oxford/0/cb/16/cb16fb700ce9877746e4ca478cc50383.mp3', 'http://res.iciba.com/resource/amp3/1/0/43/b5/43b5c9175984c071f30b873fdce0a000.mp3', 'http://res-tts.iciba.com/4/3/b/43b5c9175984c071f30b873fdce0a000.mp3', '[\"adj. 现在的;最近的;流行的;流传的;\",\"n. 趋势;电流;水流;涌流;\"]', '2019-05-06'),
(120, 1, 2, 'inherit\r', 'ɪnˈherɪt', 'ɪnˈhɛrɪt', 'http://res.iciba.com/resource/amp3/oxford/0/43/2a/432a7eb6346eff620964dd8bef2bd08e.mp3', 'http://res.iciba.com/resource/amp3/1/0/69/95/6995c373523132a1006975baf4079aa0.mp3', 'http://res-tts.iciba.com/6/9/9/6995c373523132a1006975baf4079aa0.mp3', '[\"vt.& vi. 继承;\",\"vt. 经遗传获得（品质、身体特征等），继任;\"]', '2019-05-06'),
(121, 1, 2, 'initial\r', 'ɪˈnɪʃl', 'ɪˈnɪʃəl', 'http://res.iciba.com/resource/amp3/oxford/0/bd/0e/bd0e780d9e2728fd281f261e021a59a4.mp3', 'http://res.iciba.com/resource/amp3/1/0/cc/51/cc51b81974287ab79cef9e94fe778cc9.mp3', 'http://res-tts.iciba.com/c/c/5/cc51b81974287ab79cef9e94fe778cc9.mp3', '[\"adj. 最初的;开始的;首字母的;\",\"n. 首字母;[语音学]声母;特大的大写字母;\",\"vt. 用姓名的首字母签名;\"]', '2019-05-06'),
(122, 1, 2, 'url\r', '', '', '', 'http://res.iciba.com/resource/amp3/1/0/57/2d/572d4e421e5e6b9bc11d815e8a027112.mp3', 'http://res-tts.iciba.com/5/7/2/572d4e421e5e6b9bc11d815e8a027112.mp3', '[\"abbr. ultraviolet light 紫外线;user requirements language 用户需求语言;\"]', '2019-05-06'),
(123, 1, 2, 'identifier\r', 'aɪˈdentɪfaɪə(r)', '', 'http://res.iciba.com/resource/amp3/oxford/0/07/da/07da459f2d7e64033f9dee72c5714e65.mp3', '', 'http://res-tts.iciba.com/f/3/9/f393f3f5e496869a15bc72cbfd56f541.mp3', '[\"n. 检验人，标识符;鉴别器;编号;识别符;\"]', '2019-05-06'),
(124, 1, 2, 'linear\r', 'ˈlɪniə(r)', 'ˈlɪniər', 'http://res.iciba.com/resource/amp3/oxford/0/1d/bf/1dbf8e8dbaba3083796a281482e3c477.mp3', 'http://res.iciba.com/resource/amp3/1/0/9a/93/9a932b3cb396238423eb2f33ec17d6aa.mp3', 'http://res-tts.iciba.com/9/a/9/9a932b3cb396238423eb2f33ec17d6aa.mp3', '[\"adj. 直线的，线形的;长度的;<数>一次的，线性的;通过单独的若干阶段来发展;\"]', '2019-05-06'),
(125, 1, 2, 'gradient\r', 'ˈgreɪdiənt', 'ˈɡrediənt', 'http://res.iciba.com/resource/amp3/oxford/0/5d/e3/5de39c8febf9b57489e1d16366ee65ca.mp3', 'http://res.iciba.com/resource/amp3/1/0/e2/b6/e2b6dfb8a5c48206992d8310d176c37c.mp3', 'http://res-tts.iciba.com/e/2/b/e2b6dfb8a5c48206992d8310d176c37c.mp3', '[\"n. [物]梯度，陡度;（温度、气压等）变化率，梯度变化曲线;<英>（道路的）倾斜度，坡度;\",\"adj. 倾斜的;[动]步行的，能步行的;\"]', '2019-05-06'),
(126, 1, 2, 'keyword\r', 'ˈki:wɜ:d', 'ˈkiwɜrd', 'http://res.iciba.com/resource/amp3/oxford/0/13/ee/13ee3bf73ce60d9e3f396d150a5d7c84.mp3', 'http://res.iciba.com/resource/amp3/1/0/d7/df/d7df5b64df1181ef1d62d646a13aa860.mp3', 'http://res-tts.iciba.com/d/7/d/d7df5b64df1181ef1d62d646a13aa860.mp3', '[\"n. 关键字;关键词;\"]', '2019-05-06'),
(127, 1, 2, 'type', 'taɪp', 'taɪp', 'http://res.iciba.com/resource/amp3/oxford/0/c8/a3/c8a339fb85b3f16dce85e9e5de53d1eb.mp3', 'http://res.iciba.com/resource/amp3/1/0/59/9d/599dcce2998a6b40b1e38e8c6006cb0a.mp3', 'http://res-tts.iciba.com/5/9/9/599dcce2998a6b40b1e38e8c6006cb0a.mp3', '[\"n. 类型;铅字;（印刷或打印的）文字;于…类型的;\",\"vt.& vi. 打字;\",\"vt. [医学]测定（血型）;按类型把…归类;成为…的典型;[印刷]浇铸（铅字等）;\"]', '2019-05-06'),
(128, 1, 3, 'javascript\r', '', '', '', '', 'http://res-tts.iciba.com/6/8/6/686155af75a60a0f6e9d80c1f7edd3e9.mp3', '[\"n. [计算机]Java描述语言（一种脚本语言）;\"]', '2019-05-31'),
(129, 1, 3, 'document\r', 'ˈdɒkjumənt', 'ˈdɑkjumənt', 'http://res.iciba.com/resource/amp3/oxford/0/fd/a0/fda0d73a88590b46ba1cc1ea5a503878.mp3', 'http://res.iciba.com/resource/amp3/1/0/fd/c3/fdc3bdefb79cec8eb8211d2499e04704.mp3', 'http://res-tts.iciba.com/f/d/c/fdc3bdefb79cec8eb8211d2499e04704.mp3', '[\"n. （计算机）文档，证件;公文;\",\"vt. 证明;记录;为…提供证明;\"]', '2019-05-31'),
(130, 1, 3, 'event\r', 'ɪˈvent', 'ɪˈvɛnt', 'http://res.iciba.com/resource/amp3/oxford/0/40/d6/40d6756bd9d9f8ce327b57691b45bf33.mp3', 'http://res.iciba.com/resource/amp3/1/0/41/19/4119639092e62c55ea8be348e4d9260d.mp3', 'http://res-tts.iciba.com/4/1/1/4119639092e62c55ea8be348e4d9260d.mp3', '[\"n. 事件，大事;活动，经历;结果;运动项目;\"]', '2019-05-31'),
(131, 1, 3, 'write\r', 'raɪt', 'raɪt', 'http://res.iciba.com/resource/amp3/oxford/0/dc/db/dcdb5e965376fe1eac78daa2027bcdeb.mp3', '', 'http://res-tts.iciba.com/e/f/b/efb2a684e4afb7d55e6147fbe5a332ee.mp3', '[\"vt.& vi. 写;写信;写作;作曲;\"]', '2019-05-31'),
(132, 1, 3, 'confirm\r', 'kənˈfɜ:m', 'kənˈfɜrm', 'http://res.iciba.com/resource/amp3/oxford/0/ce/1f/ce1f5cbec035cb5da751c51c411ffb0d.mp3', 'http://res.iciba.com/resource/amp3/1/0/d0/cf/d0cf705f201ddc526f49ba2e62392e21.mp3', 'http://res-tts.iciba.com/d/0/c/d0cf705f201ddc526f49ba2e62392e21.mp3', '[\"vt. [法]确认，批准;证实;使有效;使巩固;\"]', '2019-05-31'),
(133, 1, 3, 'alert\r', 'əˈlɜ:t', 'əˈlɜrt', 'http://res.iciba.com/resource/amp3/0/0/7e/d2/7ed21143076d0cca420653d4345baa2f.mp3', 'http://res.iciba.com/resource/amp3/1/0/7e/d2/7ed21143076d0cca420653d4345baa2f.mp3', 'http://res-tts.iciba.com/7/e/d/7ed21143076d0cca420653d4345baa2f.mp3', '[\"adj. 警觉的，警惕的，注意的;思维敏捷的;活泼的;\",\"n. 警报;警戒状态;\",\"vt. 向…报警;\"]', '2019-05-31'),
(135, 1, 3, 'element\r', 'ˈelɪmənt', 'ˈɛləmənt', 'http://res.iciba.com/resource/amp3/oxford/0/48/63/48632fc33b6e89bff1cf1e8dceb16362.mp3', 'http://res.iciba.com/resource/amp3/1/0/8e/2d/8e2dcfd7e7e24b1ca76c1193f645902b.mp3', 'http://res-tts.iciba.com/8/e/2/8e2dcfd7e7e24b1ca76c1193f645902b.mp3', '[\"n. [化]元素;要素;原理;[电]电阻丝;\"]', '2019-05-31'),
(136, 1, 3, 'get\r', 'get', 'ɡɛt', 'http://res.iciba.com/resource/amp3/oxford/0/1a/d5/1ad567c5e5b5ff39dbb69f46884466d0.mp3', 'http://res.iciba.com/resource/amp3/1/0/b5/ed/b5eda0a74558a342cf659187f06f746f.mp3', 'http://res-tts.iciba.com/b/5/e/b5eda0a74558a342cf659187f06f746f.mp3', '[\"vt. 得到;抓住;说服;受到（惩罚等）;\",\"vt.& vi. 到达，来;\",\"vi. 成为;开始;设法对付;获得利益或财富;\",\"n. 生殖，幼兽;赢利;\"]', '2019-05-31'),
(137, 1, 3, 'set\r', 'set', 'sɛt', 'http://res.iciba.com/resource/amp3/oxford/0/bd/47/bd47e9f2de91e33683c4aa021c4d6936.mp3', 'http://res.iciba.com/resource/amp3/1/0/cd/ae/cdaeeeba9b4a4c5ebf042c0215a7bb0e.mp3', 'http://res-tts.iciba.com/c/d/a/cdaeeeba9b4a4c5ebf042c0215a7bb0e.mp3', '[\"vt. 放置，安置;使处于某种状况;设置;摆放餐具;\",\"vi. 落山;出发;凝结;\",\"n. 一套，一副;集合;布景;电视机;\",\"adj. 固定的;位于…的;顽固的;安排好的;\"]', '2019-05-31'),
(138, 1, 3, 'data\r', 'ˈdeɪtə', 'ˈdetə, ˈdætə, ˈdɑtə', 'http://res.iciba.com/resource/amp3/oxford/0/31/6c/316c2ded655bb09d9bccd3506f75876b.mp3', 'http://res.iciba.com/resource/amp3/1/0/8d/77/8d777f385d3dfec8815d20f7496026dc.mp3', 'http://res-tts.iciba.com/8/d/7/8d777f385d3dfec8815d20f7496026dc.mp3', '[\"n. 资料，材料;datum的复数;[计算机]数据，资料;从科学实验中提取的价值;\"]', '2019-05-31'),
(139, 1, 3, 'click\r', 'klɪk', 'klɪk', 'http://res.iciba.com/resource/amp3/oxford/0/82/05/8205bdd6dbd3f296ac66c15f3f30d443.mp3', 'http://res.iciba.com/resource/amp3/1/0/a8/af/a8affc088cbca89fa20dbd98c91362e4.mp3', 'http://res-tts.iciba.com/a/8/a/a8affc088cbca89fa20dbd98c91362e4.mp3', '[\"n. 喀哒声;爪，掣子;[计]（鼠标）点击;[语言学]吸气音;\",\"vt. 使发出喀哒声;\",\"vi. 发出喀哒声;极成功;合得来，一见如;[计]鼠击;\"]', '2019-05-31'),
(140, 1, 3, 'number\r', 'ˈnʌmbə(r)', 'ˈnʌmbɚ', 'http://res.iciba.com/resource/amp3/oxford/0/ad/57/ad570b7d85d3445cac88c0eb6cca4511.mp3', 'http://res.iciba.com/resource/amp3/1/0/b1/bc/b1bc248a7ff2b2e95569f56de68615df.mp3', 'http://res-tts.iciba.com/b/1/b/b1bc248a7ff2b2e95569f56de68615df.mp3', '[\"n. 数字;数量;号码;编号;\",\"v. 标号;总计;把…算作;\"]', '2019-05-31'),
(141, 1, 3, 'string\r', 'strɪŋ', 'strɪŋ', 'http://res.iciba.com/resource/amp3/oxford/0/fb/10/fb1070b5cd5ae98194192e2eeb6076d5.mp3', 'http://res.iciba.com/resource/amp3/1/0/b4/5c/b45cffe084dd3d20d928bee85e7b0f21.mp3', 'http://res-tts.iciba.com/b/4/5/b45cffe084dd3d20d928bee85e7b0f21.mp3', '[\"n. 绳子，带子;线丝，植物纤维;串;[计算机科学]字符串;\",\"vt. 上弦，调弦;使排成一行或一系列;绑，系或用线挂起;延伸或扩展;\"]', '2019-05-31'),
(142, 1, 3, 'object\r', 'ˈɒbdʒɪkt', 'ˈɑbdʒekt', 'http://res.iciba.com/resource/amp3/0/0/a8/cf/a8cfde6331bd59eb2ac96f8911c4b666.mp3', 'http://res.iciba.com/resource/amp3/1/0/a8/cf/a8cfde6331bd59eb2ac96f8911c4b666.mp3', 'http://res-tts.iciba.com/a/8/c/a8cfde6331bd59eb2ac96f8911c4b666.mp3', '[\"n. 物体;目标;宾语;客体，对象;\"]', '2019-05-31');
INSERT INTO `word` (`id`, `uid`, `type_id`, `word_en`, `ph_en`, `ph_am`, `ph_en_mp3`, `ph_am_mp3`, `ph_tts_mp3`, `word_json`, `time`) VALUES
(143, 1, 3, 'date\r', 'deɪt', 'det', 'http://res.iciba.com/resource/amp3/oxford/0/cd/ce/cdce15125a1ec61e2f3a790cddffe2da.mp3', 'http://res.iciba.com/resource/amp3/1/0/5f/c7/5fc732311905cb27e82d67f4f6511f7f.mp3', 'http://res-tts.iciba.com/5/f/c/5fc732311905cb27e82d67f4f6511f7f.mp3', '[\"n. 日期，日子;约会;时代，年代;（北非和西亚常见的海枣树的）海枣;\",\"vt. 过时;使…显老;显示出…时代（或年龄）;鉴定…的年代;\",\"vt.& vi. 与人约会，相约;\",\"vi. 属于某一特定时期;从某时起计算日期;记载日期;注有（或注明）日期;\"]', '2019-05-31'),
(144, 1, 3, 'time\r', 'taɪm', 'taɪm', 'http://res.iciba.com/resource/amp3/oxford/0/1f/04/1f042d776a942f6d0ef6fd46f70c7146.mp3', 'http://res.iciba.com/resource/amp3/1/0/07/cc/07cc694b9b3fc636710fa08b6922c42b.mp3', 'http://res-tts.iciba.com/0/7/c/07cc694b9b3fc636710fa08b6922c42b.mp3', '[\"n. 时间;时刻;时代;次;\",\"vt. 为…安排时间;测定…的时间;调准（机械的）速度;拨准（钟、表）的快慢;\",\"vi. 合拍;和谐;打拍子;\",\"adj. 定时的;定期的;[美国英语]分期（付款）的;\",\"int. [体育]时间到，（一场或一局等的）比赛时限，暂停;\"]', '2019-05-31'),
(145, 1, 3, 'day\r', 'deɪ', 'de', 'http://res.iciba.com/resource/amp3/oxford/0/ac/51/ac5115deb08b727f4a7a08e84f9389c0.mp3', 'http://res.iciba.com/resource/amp3/1/0/62/8b/628b7db04235f228d40adc671413a8c8.mp3', 'http://res-tts.iciba.com/6/2/8/628b7db04235f228d40adc671413a8c8.mp3', '[\"n. 一天;白天;时期;节日;\",\"adj. 日间的;逐日的;\",\"adv. 每天;经常在白天地;\"]', '2019-05-31'),
(146, 1, 3, 'hour\r', 'ˈaʊə(r)', 'aʊr', 'http://res.iciba.com/resource/amp3/oxford/0/19/f7/19f7507b321c802b3f7bd8ba8c9ea5c9.mp3', 'http://res.iciba.com/resource/amp3/1/0/89/6c/896c55cc5e46fab38ce9f51ebf7bfcd3.mp3', 'http://res-tts.iciba.com/8/9/6/896c55cc5e46fab38ce9f51ebf7bfcd3.mp3', '[\"n. 小时，钟头;时间，时刻;固定时间;课时;\"]', '2019-05-31'),
(147, 1, 3, 'minute\r', '\'mɪnɪt', 'ˈmɪnɪt', 'http://res.iciba.com/resource/amp3/0/0/0a/7d/0a7d55be9d12a369a6a8da0fb517fba4.mp3', 'http://res.iciba.com/resource/amp3/1/0/0a/7d/0a7d55be9d12a369a6a8da0fb517fba4.mp3', 'http://res-tts.iciba.com/0/a/7/0a7d55be9d12a369a6a8da0fb517fba4.mp3', '[\"n. 分，分钟;瞬间，片刻;备忘录;会议记录;\",\"vt. 把…记录在案;为…测定时间;\"]', '2019-05-31'),
(148, 1, 3, 'second\r', 'ˈsekənd', 'ˈsekənd', 'http://res.iciba.com/resource/amp3/0/0/a9/f0/a9f0e61a137d86aa9db53465e0801612.mp3', 'http://res.iciba.com/resource/amp3/1/0/a9/f0/a9f0e61a137d86aa9db53465e0801612.mp3', 'http://res-tts.iciba.com/a/9/f/a9f0e61a137d86aa9db53465e0801612.mp3', '[\"n. 秒;瞬间;次货;第二份食物;\",\"adj. 第二的;次要的;居第二位的;另外的;\",\"adv. 第二;其次;以第二位;\",\"vt. 支持;临时调派;附议;赞成提案;\"]', '2019-05-31'),
(149, 1, 3, 'year\r', 'jɪə(r)', 'jɪr', '', 'http://res.iciba.com/resource/amp3/1/0/84/cd/84cdc76cabf41bd7c961f6ab12f117d8.mp3', 'http://res-tts.iciba.com/8/4/c/84cdc76cabf41bd7c961f6ab12f117d8.mp3', '[\"n. 年;年纪;一年的期间;某年级的学生;\"]', '2019-05-31'),
(150, 1, 3, 'month\r', 'mʌnθ', 'mʌnθ', 'http://res.iciba.com/resource/amp3/oxford/0/ca/3d/ca3ddc3ef496bd379b4321a55f4f9ed4.mp3', 'http://res.iciba.com/resource/amp3/1/0/74/36/7436f942d5ea836cb84f1bb2527d8286.mp3', 'http://res-tts.iciba.com/7/4/3/7436f942d5ea836cb84f1bb2527d8286.mp3', '[\"n. 月，月份;一个月的时间;\"]', '2019-05-31'),
(151, 1, 3, 'boolean\r', 'ˈbu:liən', 'ˈbuliən', 'http://res.iciba.com/resource/amp3/oxford/0/b3/7a/b37afe1461dfe300a02d00b9ec91fb6d.mp3', 'http://res.iciba.com/resource/amp3/1/0/84/e2/84e2c64f38f78ba3ea5c905ab5a2da27.mp3', 'http://res-tts.iciba.com/2/7/2/27226c864bac7454a8504f8edb15d95b.mp3', '[\"adj. 布尔数学体系的;\"]', '2019-05-31'),
(152, 1, 3, 'null\r', 'nʌl', 'nʌl', '', 'http://res.iciba.com/resource/amp3/1/0/37/a6/37a6259cc0c1dae299a7866489dff0bd.mp3', 'http://res-tts.iciba.com/3/7/a/37a6259cc0c1dae299a7866489dff0bd.mp3', '[\"adj. <术>零值的;等于零的;（协议） 无法律效力;失效的;\"]', '2019-05-31'),
(153, 1, 3, 'undefined\r', 'ˌʌndɪˈfaɪnd', 'ˌʌndɪˈfaɪnd', 'http://res.iciba.com/resource/amp3/oxford/0/31/a9/31a9b68727bd9a65bd4f364053204cf7.mp3', '', 'http://res-tts.iciba.com/5/e/5/5e543256c480ac577d30f76f9120eb74.mp3', '[\"adj. 未阐明的;未限定的;\"]', '2019-05-31'),
(154, 1, 3, 'array\r', 'əˈreɪ', 'ə\'reɪ', 'http://res.iciba.com/resource/amp3/oxford/0/cd/be/cdbe0c03338c6a344b511b777dd8fc16.mp3', 'http://res.iciba.com/resource/amp3/1/0/f1/f7/f1f713c9e000f5d3f280adbd124df4f5.mp3', 'http://res-tts.iciba.com/f/1/f/f1f713c9e000f5d3f280adbd124df4f5.mp3', '[\"n. 队列，阵列;数组;一大批;衣服;\",\"vt. 排列;部署兵力;打扮，装饰;\"]', '2019-05-31'),
(155, 1, 3, 'case\r', 'keɪs', 'kes', 'http://res.iciba.com/resource/amp3/oxford/0/5f/46/5f469fae89e3658adea49e6f07236fc6.mp3', 'http://res.iciba.com/resource/amp3/1/0/cd/14/cd14c323902024e72c850aa828d634a7.mp3', 'http://res-tts.iciba.com/c/d/1/cd14c323902024e72c850aa828d634a7.mp3', '[\"n. （实）例，事例;情况，状况;诉讼（事件），案件，判例;容器（箱，盒）;\",\"vt. 把…装入箱（或盒等）内;加盖于;包围，围住;[俚语]（尤指盗窃前）探察，侦查，窥测;\"]', '2019-05-31'),
(157, 1, 3, 'return\r', 'rɪˈtɜ:n', 'rɪˈtɜrn', 'http://res.iciba.com/resource/amp3/0/0/e7/0c/e70c4df10ef0983b9c8c31bd06b2a2c3.mp3', 'http://res.iciba.com/resource/amp3/1/0/e7/0c/e70c4df10ef0983b9c8c31bd06b2a2c3.mp3', 'http://res-tts.iciba.com/e/7/0/e70c4df10ef0983b9c8c31bd06b2a2c3.mp3', '[\"v. 回来;退还;重现;回报;\",\"n. 回来;归还;恢复;利润;\"]', '2019-05-31'),
(158, 1, 3, 'continue\r', 'kənˈtɪnju:', 'kənˈtɪnju', 'http://res.iciba.com/resource/amp3/oxford/0/86/51/8651a7facb6cf89f321a7325d292437c.mp3', 'http://res.iciba.com/resource/amp3/1/0/7a/a2/7aa28ed115707345d0274032757e8991.mp3', 'http://res-tts.iciba.com/7/a/a/7aa28ed115707345d0274032757e8991.mp3', '[\"vi. 持续;逗留;维持原状;\",\"vt. 延期;使延伸;使持续;继续说;\"]', '2019-05-31'),
(159, 1, 3, 'constructor\r', 'kənˈstrʌktə(r)', 'kən\'strʌktə', 'http://res.iciba.com/resource/amp3/oxford/0/e8/59/e859a562c1f319ea7ecec9da0d9abc0a.mp3', 'http://res.iciba.com/resource/amp3/1/0/6c/a2/6ca268371eeb5d93eefeb68f96157666.mp3', 'http://res-tts.iciba.com/6/c/a/6ca268371eeb5d93eefeb68f96157666.mp3', '[\"n. 构造器;\"]', '2019-05-31'),
(160, 1, 3, 'window\r', 'ˈwɪndəʊ', 'ˈwɪndoʊ', 'http://res.iciba.com/resource/amp3/0/0/05/b8/05b8c74cbd96fbf2de4c1a352702fbf4.mp3', 'http://res.iciba.com/resource/amp3/1/0/05/b8/05b8c74cbd96fbf2de4c1a352702fbf4.mp3', 'http://res-tts.iciba.com/0/5/b/05b8c74cbd96fbf2de4c1a352702fbf4.mp3', '[\"n. 窗，窗户;窗口;〈美俚〉眼镜;\"]', '2019-05-31'),
(161, 1, 3, 'arguments\r', '\'ɑ:ɡjʊmənts', '\'ɑɡjʊmənts', '', '', 'http://res-tts.iciba.com/d/b/c/dbc11caa5bda99f77e6fb4dabd882e7d.mp3', '[\"n. 争论( argument的名词复数 );争吵;说理;论据;\"]', '2019-05-31'),
(162, 1, 3, 'static\r', 'ˈstætɪk', 'ˈstætɪk', 'http://res.iciba.com/resource/amp3/oxford/0/e5/de/e5de234dd5e0949a11f3d8611d029a6b.mp3', 'http://res.iciba.com/resource/amp3/1/0/a8/12/a81259cef8e959c624df1d456e5d3297.mp3', 'http://res-tts.iciba.com/a/8/1/a81259cef8e959c624df1d456e5d3297.mp3', '[\"adj. 静止的;不变的;静电的;[物]静力的;\",\"n. 静电;[物]静电（干扰）;静力学;争吵;\"]', '2019-05-31'),
(163, 1, 3, 'regexp\r', '', '', '', '', 'http://res-tts.iciba.com/b/8/7/b87b7d0627a8afcc083f4e4b8280303d.mp3', '[\"n. 正则表达式；表达式对象;\"]', '2019-05-31'),
(164, 1, 3, 'while\r', 'waɪl', 'hwaɪl, waɪl', 'http://res.iciba.com/resource/amp3/oxford/0/6a/7d/6a7de660d2d2ade359d0dd8fc12efa19.mp3', 'http://res.iciba.com/resource/amp3/1/0/90/18/901889f4f34f8ca18ac2f53d1fed346e.mp3', 'http://res-tts.iciba.com/9/0/1/901889f4f34f8ca18ac2f53d1fed346e.mp3', '[\"conj. 在…期间;与…同时;虽然;而;\",\"n. （一段）时间;\",\"vt. 消磨，打发（时间）;（愉快而懒散地）度过（时间）（常与 away 连用）;\"]', '2019-05-31'),
(165, 1, 3, 'switch\r', 'swɪtʃ', 'swɪtʃ', 'http://res.iciba.com/resource/amp3/oxford/0/e9/9a/e99a269938ba8a0d75c06968960e847b.mp3', 'http://res.iciba.com/resource/amp3/1/0/b3/6e/b36eb6a54154f7301f004e1e61c87ce8.mp3', 'http://res-tts.iciba.com/b/3/6/b36eb6a54154f7301f004e1e61c87ce8.mp3', '[\"n. 开关;转换，转换器;软鞭子;[信]接线台;\",\"vt.& vi. 转变，改变;转换;关闭电流;鞭打;\",\"vt. 转换;挥动（棍棒、鞭子等）;迅速转动;鞭打;\",\"vi. 交换;调换;\"]', '2019-05-31'),
(166, 1, 3, 'error\r', 'ˈerə(r)', 'ˈɛrɚ', 'http://res.iciba.com/resource/amp3/oxford/0/b9/b9/b9b9a4d8722634a12511bd18a3b72e23.mp3', 'http://res.iciba.com/resource/amp3/1/0/cb/5e/cb5e100e5a9a3e7f6d1fd97512215282.mp3', 'http://res-tts.iciba.com/c/b/5/cb5e100e5a9a3e7f6d1fd97512215282.mp3', '[\"n. 错误，过失;[法]误审，违法;[数]误差;\"]', '2019-05-31'),
(167, 1, 3, 'catch\r', 'kætʃ', 'kætʃ, kɛtʃ', 'http://res.iciba.com/resource/amp3/oxford/0/de/d8/ded8c09a2549ee7bb85e354a0353fa80.mp3', 'http://res.iciba.com/resource/amp3/1/0/a8/98/a8982eb2a988054aa4d8d792dd074cca.mp3', 'http://res-tts.iciba.com/a/8/9/a8982eb2a988054aa4d8d792dd074cca.mp3', '[\"vt. 赶上;接住;引起;看见;\",\"vt.& vi. （使）被钩住，（使）被卡住;\",\"n. 抓;隐情;捕获量;挂钩;\",\"vi. 锁住;着火;[棒球]当接球手;\",\"adj. 迷惑人的;令人容易上当的;引人注目的;令人感兴趣的;\"]', '2019-05-31'),
(168, 1, 3, 'node\r', 'nəʊd', 'noʊd', 'http://res.iciba.com/resource/amp3/0/0/36/c4/36c4536996ca5615dcf9911f068786dc.mp3', 'http://res.iciba.com/resource/amp3/1/0/36/c4/36c4536996ca5615dcf9911f068786dc.mp3', 'http://res-tts.iciba.com/3/6/c/36c4536996ca5615dcf9911f068786dc.mp3', '[\"n. 节点;（计算机网络的）节点;[医]结节;植物的节;\"]', '2019-05-31'),
(169, 1, 3, 'append\r', 'əˈpend', 'əˈpɛnd', 'http://res.iciba.com/resource/amp3/oxford/0/57/a5/57a5e83401ccefb2ad20e6c7831f17c3.mp3', 'http://res.iciba.com/resource/amp3/1/0/95/16/9516dfb15f51c7ee19a4d46b8c0dbe1d.mp3', 'http://res-tts.iciba.com/9/5/1/9516dfb15f51c7ee19a4d46b8c0dbe1d.mp3', '[\"vt. 附加;添加;贴上;签（名）;\"]', '2019-05-31'),
(171, 1, 3, 'create\r', 'kriˈeɪt', 'kriˈet', 'http://res.iciba.com/resource/amp3/oxford/0/4a/92/4a92f22c42397d56caf57b4f188009a6.mp3', 'http://res.iciba.com/resource/amp3/1/0/76/ea/76ea0bebb3c22822b4f0dd9c9fd021c5.mp3', 'http://res-tts.iciba.com/7/6/e/76ea0bebb3c22822b4f0dd9c9fd021c5.mp3', '[\"vt. 创造，创作;产生;封爵，把…封为（贵族）;\",\"vi. [英][俚]大发脾气，大发牢骚;\"]', '2019-05-31'),
(172, 1, 3, 'remove\r', 'rɪˈmu:v', 'rɪˈmuv', 'http://res.iciba.com/resource/amp3/oxford/0/88/39/8839ede657b1e933a564ab16614aa2ef.mp3', 'http://res.iciba.com/resource/amp3/1/0/0f/69/0f6969d7052da9261e31ddb6e88c136e.mp3', 'http://res-tts.iciba.com/0/f/6/0f6969d7052da9261e31ddb6e88c136e.mp3', '[\"vt. 开除;去除;脱掉，拿下;迁移;\",\"vi. 迁移，移居;离开;\",\"n. 距离，差距;移动;\"]', '2019-05-31'),
(173, 1, 3, 'insert\r', 'ɪnˈsɜ:t', 'ɪnˈsɜrt', 'http://res.iciba.com/resource/amp3/0/0/e0/df/e0df5f3dfd2650ae5be9993434e2b2c0.mp3', 'http://res.iciba.com/resource/amp3/1/0/e0/df/e0df5f3dfd2650ae5be9993434e2b2c0.mp3', 'http://res-tts.iciba.com/e/0/d/e0df5f3dfd2650ae5be9993434e2b2c0.mp3', '[\"vt. 插入;嵌入;（在文章中）添加;加插;\",\"n. 添入物（尤指一页印刷品图中插入或套印的小图）;（书报的）插页;插入物;添加物;\"]', '2019-05-31'),
(176, 1, 3, 'attribute\r', 'əˈtrɪbju:t', 'əˈtrɪbjut', 'http://res.iciba.com/resource/amp3/0/0/d2/eb/d2eb444e35c0a71f0a85df8194acb5b6.mp3', 'http://res.iciba.com/resource/amp3/1/0/d2/eb/d2eb444e35c0a71f0a85df8194acb5b6.mp3', 'http://res-tts.iciba.com/d/2/e/d2eb444e35c0a71f0a85df8194acb5b6.mp3', '[\"vt. 认为…是;把…归于;把…品质归于某人;认为某事[物]属于某人[物];\"]', '2019-05-31'),
(177, 1, 3, 'text\r', 'tekst', 'tɛkst', 'http://res.iciba.com/resource/amp3/oxford/0/26/db/26dbb1063da50734e15c57c9995da7e9.mp3', 'http://res.iciba.com/resource/amp3/1/0/1c/b2/1cb251ec0d568de6a929b520c4aed8d1.mp3', 'http://res-tts.iciba.com/1/c/b/1cb251ec0d568de6a929b520c4aed8d1.mp3', '[\"n. 文本，原文;课文，教科书;主题;版本;\",\"v. 发短信;\"]', '2019-05-31'),
(178, 1, 3, 'next\r', 'nekst', 'nɛkst', 'http://res.iciba.com/resource/amp3/oxford/0/8c/cb/8ccb4cd55fbf84354cc9b74dc510455a.mp3', 'http://res.iciba.com/resource/amp3/1/0/d0/ca/d0cab90d8d20d57e2f2b9be52f7dd25d.mp3', 'http://res-tts.iciba.com/d/0/c/d0cab90d8d20d57e2f2b9be52f7dd25d.mp3', '[\"adj. 紧接在后的;次于的;贴近的;紧邻的;\",\"adv. 接下去;然后;居后地;依次的;\",\"n. 下一位;下一个;\",\"prep. 靠近;居于…之后;在…的隔壁;\"]', '2019-05-31'),
(179, 1, 3, 'class\r', 'klɑ:s', 'klæs', 'http://res.iciba.com/resource/amp3/0/0/a2/f2/a2f2ed4f8ebc2cbb4c21a29dc40ab61d.mp3', 'http://res.iciba.com/resource/amp3/1/0/a2/f2/a2f2ed4f8ebc2cbb4c21a29dc40ab61d.mp3', 'http://res-tts.iciba.com/a/2/f/a2f2ed4f8ebc2cbb4c21a29dc40ab61d.mp3', '[\"n. 班;等级;阶级;种类;\",\"vt. 把…归入某等级，把…看作（或分类、归类）;把…编入某一班级;\",\"adj. 很好的，优秀的，出色的;\",\"vi. 属于…类（或等级），被列为某类（或某级）;\"]', '2019-05-31'),
(180, 1, 3, 'name\r', 'neɪm', 'nem', 'http://res.iciba.com/resource/amp3/oxford/0/1b/c3/1bc38ba928f40072e7c62d427a05c03e.mp3', 'http://res.iciba.com/resource/amp3/1/0/b0/68/b068931cc450442b63f5b3d276ea4297.mp3', 'http://res-tts.iciba.com/b/0/6/b068931cc450442b63f5b3d276ea4297.mp3', '[\"n. 名字;名声;有…名称的;著名的人物;\",\"vt. 确定;决定;给…取名;说出…的名字;\",\"adj. 著名的;据以取名;\"]', '2019-05-31'),
(181, 1, 3, 'change\r', 'tʃeɪndʒ', 'tʃendʒ', 'http://res.iciba.com/resource/amp3/oxford/0/9c/73/9c7300f6e0c90e478f78754aeae7919e.mp3', 'http://res.iciba.com/resource/amp3/1/0/eb/39/eb399bcaca686f8609137153307eecf1.mp3', 'http://res-tts.iciba.com/e/b/3/eb399bcaca686f8609137153307eecf1.mp3', '[\"vt. 改变，变更;交换，替换;兑换;换衣服（床单）;\",\"vi. 改变，转变;交换，互换;换衣，更衣;\",\"n. 变化，改变;交换，交替;零钱，找头;代替物;\"]', '2019-05-31'),
(182, 1, 3, 'debugger\r', 'ˌdi:ˈbʌgə(r)', '', 'http://res.iciba.com/resource/amp3/oxford/0/76/02/7602509879eb8973643f67a66ab9381f.mp3', '', 'http://res-tts.iciba.com/6/1/f/61fa153f2827c887a48a351ae3c6cfd3.mp3', '[\"n. 调试器;\"]', '2019-05-31'),
(183, 1, 3, 'default\r', 'dɪˈfɔ:lt', 'dɪˈfɔlt', 'http://res.iciba.com/resource/amp3/oxford/0/8e/7f/8e7ff71dc79c42f6b0bb4992f0fad565.mp3', 'http://res.iciba.com/resource/amp3/1/0/c2/1f/c21f969b5f03d33d43e04f8f136e7682.mp3', 'http://res-tts.iciba.com/c/2/1/c21f969b5f03d33d43e04f8f136e7682.mp3', '[\"vi. 未履行任务或责任;受传唤时未出庭;由于不到庭而败诉;弃权;\",\"vt. 未履行，拖欠;未参加或完成（例如，比赛）;[法]因未到庭而败（诉）;\",\"n. 未履行，拖欠;[法]未到庭;弃权;[计] 缺省，默认;\"]', '2019-05-31'),
(184, 1, 3, 'true\r', 'tru:', 'tru', 'http://res.iciba.com/resource/amp3/oxford/0/29/30/2930662922d0b46f81883e329cc5c5c1.mp3', 'http://res.iciba.com/resource/amp3/1/0/b3/26/b326b5062b2f0e69046810717534cb09.mp3', 'http://res-tts.iciba.com/b/3/2/b326b5062b2f0e69046810717534cb09.mp3', '[\"adj. 真正的;真实的;忠实的;正确的;\",\"adv. 真正地;确实地;正确地;正当地;\",\"n. 真理，真实;正，准，精确;\",\"vt. 摆正;决定（某物）的位置以使其平衡、平稳或水平;\"]', '2019-05-31'),
(185, 1, 3, 'false\r', 'fɔ:ls', 'fɔls', 'http://res.iciba.com/resource/amp3/oxford/0/19/46/194629438bda7634bd91ab699d839abe.mp3', 'http://res.iciba.com/resource/amp3/1/0/68/93/68934a3e9455fa72420237eb05902327.mp3', 'http://res-tts.iciba.com/6/8/9/68934a3e9455fa72420237eb05902327.mp3', '[\"adj. 虚伪的;不正的，非法的;假造的，摹造的;临时的;\",\"adv. 欺诈地;叛卖地;\"]', '2019-05-31'),
(186, 1, 3, 'new\r', 'nju:', 'nu', 'http://res.iciba.com/resource/amp3/0/0/22/af/22af645d1859cb5ca6da0c484f1f37ea.mp3', 'http://res.iciba.com/resource/amp3/1/0/22/af/22af645d1859cb5ca6da0c484f1f37ea.mp3', 'http://res-tts.iciba.com/2/2/a/22af645d1859cb5ca6da0c484f1f37ea.mp3', '[\"adj. 新的，崭新的;新鲜的，新到的;现代的;初次（听到）的;\",\"adv. 新近，最近;\"]', '2019-05-31'),
(187, 1, 3, 'local\r', 'ˈləʊkl', 'ˈloʊkl', 'http://res.iciba.com/resource/amp3/0/0/f5/dd/f5ddaf0ca7929578b408c909429f68f2.mp3', 'http://res.iciba.com/resource/amp3/1/0/f5/dd/f5ddaf0ca7929578b408c909429f68f2.mp3', 'http://res-tts.iciba.com/f/5/d/f5ddaf0ca7929578b408c909429f68f2.mp3', '[\"adj. 地方的;当地的，本地的;局部的;褊狭的;\",\"n. 慢车;本地居民（律师、教士、医生）;住处附近的当地酒店;本地新闻;\"]', '2019-05-31'),
(188, 1, 3, 'storage\r', 'ˈstɔ:rɪdʒ', 'ˈstɔrɪdʒ, ˈstor-', 'http://res.iciba.com/resource/amp3/oxford/0/a5/45/a5453a6d729371297627fa2fd05d12aa.mp3', 'http://res.iciba.com/resource/amp3/1/0/dd/ec/ddecebdea58b5f264d27f1f7909bab74.mp3', 'http://res-tts.iciba.com/d/d/e/ddecebdea58b5f264d27f1f7909bab74.mp3', '[\"n. 贮存;贮藏;储藏处，仓库;贮存器，蓄电（瓶）;\"]', '2019-05-31'),
(189, 1, 3, 'key\r', 'ki:', 'ki', 'http://res.iciba.com/resource/amp3/oxford/0/ca/f6/caf638e96d18b9589bffbb7989ef4a17.mp3', 'http://res.iciba.com/resource/amp3/1/0/3c/6e/3c6e0b8a9c15224a8228b9a98ca1531d.mp3', 'http://res-tts.iciba.com/3/c/6/3c6e0b8a9c15224a8228b9a98ca1531d.mp3', '[\"n. 钥匙;（打字机等的）键;关键，线索，秘诀;（音乐的）调;\",\"vt. 键入;锁上;调节…的音调;提供线索;\",\"vi. 使用钥匙;\",\"adj. 关键的;主要的;\"]', '2019-05-31'),
(191, 1, 3, 'length\r', 'leŋθ', 'leŋθ', 'http://res.iciba.com/resource/amp3/oxford/0/0c/29/0c29b9cc659c5bb4fac88c7db05df291.mp3', 'http://res.iciba.com/resource/amp3/1/0/2f/a4/2fa47f7c65fec19cc163b195725e3844.mp3', 'http://res-tts.iciba.com/2/f/a/2fa47f7c65fec19cc163b195725e3844.mp3', '[\"n. 长度，长;时间的长短;（语）音长;一段，一节;\"]', '2019-05-31'),
(192, 1, 3, 'replace\r', 'rɪˈpleɪs', 'rɪˈples', 'http://res.iciba.com/resource/amp3/oxford/0/40/64/40649d9bab32ecb249f20d19afd6e1c7.mp3', 'http://res.iciba.com/resource/amp3/1/0/9d/de/9dde360102c103867bd2f45872f1129c.mp3', 'http://res-tts.iciba.com/9/d/d/9dde360102c103867bd2f45872f1129c.mp3', '[\"vt. 替换;代替;把…放回原位;（用…）替换;\"]', '2019-05-31'),
(193, 1, 3, 'match\r', 'mætʃ', 'mætʃ', 'http://res.iciba.com/resource/amp3/oxford/0/23/75/2375181e1c9e29e00e9a7b6f68a28312.mp3', 'http://res.iciba.com/resource/amp3/1/0/e3/cc/e3cc92c14a5e6dd1a7d94b6ff634d7fc.mp3', 'http://res-tts.iciba.com/e/3/c/e3cc92c14a5e6dd1a7d94b6ff634d7fc.mp3', '[\"n. 比赛;对手;相配的人（或物）;火柴;\",\"vt. 相同;适应;使较量;使等同于;\",\"vt.& vi. 使相配，使相称;\"]', '2019-05-31'),
(194, 1, 3, 'search\r', 'sɜ:tʃ', 'sɜrtʃ', 'http://res.iciba.com/resource/amp3/0/0/06/a9/06a943c59f33a34bb5924aaf72cd2995.mp3', 'http://res.iciba.com/resource/amp3/1/0/06/a9/06a943c59f33a34bb5924aaf72cd2995.mp3', 'http://res-tts.iciba.com/0/6/a/06a943c59f33a34bb5924aaf72cd2995.mp3', '[\"v. 搜寻，搜索;调查;搜查;探求;\",\"n. 搜索;调查;探求;\"]', '2019-05-31'),
(195, 1, 3, 'split\r', 'splɪt', 'splɪt', 'http://res.iciba.com/resource/amp3/oxford/0/99/76/9976787c9b6ff2c2cee4bc6480450b87.mp3', 'http://res.iciba.com/resource/amp3/1/0/ee/fe/eefec303079ad17405c889e092e105b0.mp3', 'http://res-tts.iciba.com/e/e/f/eefec303079ad17405c889e092e105b0.mp3', '[\"vt. 分裂;分开;<俚>（迅速）离开;分担;\",\"n. 划分;分歧;裂缝;劈叉;\",\"vi. <俚>走开;揭发;被撞碎;<美>[证券]（股票）增加发行;\",\"adj. 裂开的，劈开的，分离的，分裂的;\"]', '2019-05-31'),
(196, 1, 3, 'splice\r', 'splaɪs', 'splaɪs', 'http://res.iciba.com/resource/amp3/oxford/0/1e/6a/1e6ab0a02398d99c8f227e254879f77d.mp3', 'http://res.iciba.com/resource/amp3/1/0/87/ee/87ee0cd6d5160033e8b4fd72aaefc230.mp3', 'http://res-tts.iciba.com/8/7/e/87ee0cd6d5160033e8b4fd72aaefc230.mp3', '[\"vt. 绞接;捻接（两段绳子）;胶接;粘接（胶片、磁带等）;\",\"n. 胶接处，粘接处，铰接处;\"]', '2019-05-31'),
(197, 1, 3, 'reverse\r', 'rɪˈvɜ:s', 'rɪˈvɜrs', 'http://res.iciba.com/resource/amp3/0/0/4d/9c/4d9c2073afa3c2abb817dceb22c34de6.mp3', 'http://res.iciba.com/resource/amp3/1/0/4d/9c/4d9c2073afa3c2abb817dceb22c34de6.mp3', 'http://res-tts.iciba.com/4/d/9/4d9c2073afa3c2abb817dceb22c34de6.mp3', '[\"vt.& vi. （使）反转;（使）颠倒;掉换，交换;[法]撤消，推翻;\",\"vi. 倒退;[桥牌]逆叫;\",\"adj. 反面的;颠倒的;倒开的;[生]倒卷的;\",\"n. 倒转，反向;[机]回动;倒退;失败;\"]', '2019-05-31'),
(198, 1, 3, 'join\r', 'dʒɔɪn', 'dʒɔɪn', 'http://res.iciba.com/resource/amp3/oxford/0/83/c4/83c49f1737892a312c6c5d24419e0cdf.mp3', 'http://res.iciba.com/resource/amp3/1/0/73/1b/731b886d80d2ea138da54d30f43b2005.mp3', 'http://res-tts.iciba.com/7/3/1/731b886d80d2ea138da54d30f43b2005.mp3', '[\"vt.& vi. 连接;联结;加入;参加;\",\"vt. 结合;参与;上（火车、飞机等）;上（路）;\",\"n. 连接;结合;接合处;接合点;\"]', '2019-05-31'),
(199, 1, 3, 'push\r', 'pʊʃ', 'pʊʃ', 'http://res.iciba.com/resource/amp3/oxford/0/fd/ec/fdec3a40f3b5e484a0c6f3a266751bc3.mp3', 'http://res.iciba.com/resource/amp3/1/0/21/a3/21a361d96e3e13f5f109748c2a9d2434.mp3', 'http://res-tts.iciba.com/2/1/a/21a361d96e3e13f5f109748c2a9d2434.mp3', '[\"vt.& vi. 推，推动;\",\"vt. 推动，增加;对…施加压力，逼迫;按;说服;\",\"n. 推，决心;大规模攻势;矢志的追求;\",\"vi. 推进;增加;努力争取;\"]', '2019-05-31'),
(200, 1, 3, 'pop\r', 'pɒp', 'pɑp', 'http://res.iciba.com/resource/amp3/0/0/b2/1a/b21afc54fb48d153c19101658f4a2a48.mp3', 'http://res.iciba.com/resource/amp3/1/0/b2/1a/b21afc54fb48d153c19101658f4a2a48.mp3', 'http://res-tts.iciba.com/b/2/1/b21afc54fb48d153c19101658f4a2a48.mp3', '[\"vi. （意外地、突然地）出现;突然出现;发出爆裂声;（突然地）行动;\",\"vt. （突然地）伸出;（突然地）提出问题;（把准备好的东西）突然拿出来;敲击;\",\"n. 流行音乐;汽水;（尤用作称呼）爸;（迅速打上的）记号;\",\"adj. 流行音乐的;通俗风格的;通俗的;现代的;\",\"adv. 爆炸；砰地;\",\"abbr. 邮局协议(post office protocol);\"]', '2019-05-31'),
(201, 1, 3, 'shift\r', 'ʃɪft', 'ʃɪft', 'http://res.iciba.com/resource/amp3/oxford/0/9d/c8/9dc82592621470bc4017faa0fc1f2a05.mp3', 'http://res.iciba.com/resource/amp3/1/0/2a/b6/2ab64f4ee279e5baf7ab7059b15e6d12.mp3', 'http://res-tts.iciba.com/2/a/b/2ab64f4ee279e5baf7ab7059b15e6d12.mp3', '[\"vt.& vi. 改变;去掉;摆脱掉;换挡;\",\"vt. 换…的衣服，更（衣）;卖，出售;[计算机]使（数据）位移;\",\"vi. （汽车）换挡;换衣服;蒙混;自己谋生;\",\"n. 移动，转移，转换;变迁，变化，变换，替换，更换，掉换，更易，代用;（汽车等的）变速;\"]', '2019-05-31'),
(202, 1, 3, 'sort\r', 'sɔ:t', 'sɔrt', 'http://res.iciba.com/resource/amp3/0/0/ca/dc/cadc8c8db42409733582cb3e2298ef87.mp3', 'http://res.iciba.com/resource/amp3/1/0/ca/dc/cadc8c8db42409733582cb3e2298ef87.mp3', 'http://res-tts.iciba.com/c/a/d/cadc8c8db42409733582cb3e2298ef87.mp3', '[\"n. 分类，类别;品质，本性;方法;一群;\",\"vt.& vi. 分类;整顿，整理;适合;\",\"vt. 挑选;把…分类;将…排顺序;\",\"vi. 分类;交往;协调;\"]', '2019-05-31'),
(203, 1, 3, 'and\r', 'ənd', 'ənd, ən,ænd', 'http://res.iciba.com/resource/amp3/oxford/0/c0/63/c0632621df711c761e94a5b18286480e.mp3', 'http://res.iciba.com/resource/amp3/1/0/be/5d/be5d5d37542d75f93a87094459f76678.mp3', 'http://res-tts.iciba.com/b/e/5/be5d5d37542d75f93a87094459f76678.mp3', '[\"conj. 和，与;而且;于是，然后;因此;\"]', '2019-05-31'),
(204, 1, 3, 'or\r', 'ɔ:(r)', 'ɔr', 'http://res.iciba.com/resource/amp3/oxford/0/27/ef/27ef14f0921dd3065a299dd369cd332b.mp3', 'http://res.iciba.com/resource/amp3/1/0/e8/1c/e81c4e4f2b7b93b481e13a8553c2ae1b.mp3', 'http://res-tts.iciba.com/e/8/1/e81c4e4f2b7b93b481e13a8553c2ae1b.mp3', '[\"conj. 或，或者;还是;不然，否则;左右;\",\"prep. <古、诗>在…之前，比…更早;\",\"n. [纹章]黑金色、黑色;\"]', '2019-05-31'),
(205, 1, 3, 'form\r', 'fɔ:m', 'fɔrm', 'http://res.iciba.com/resource/amp3/0/0/3f/cd/3fcdb73d36d54f2cc22d0f68e6b6e182.mp3', 'http://res.iciba.com/resource/amp3/1/0/3f/cd/3fcdb73d36d54f2cc22d0f68e6b6e182.mp3', 'http://res-tts.iciba.com/3/f/c/3fcdb73d36d54f2cc22d0f68e6b6e182.mp3', '[\"n. 形状，形式;外形;方式;表格;\",\"vt. 形成;构成;组织;塑造;\",\"vi. 形成，产生;排队，整队;\"]', '2019-05-31'),
(206, 1, 3, 'open\r', 'ˈəʊpən', 'ˈoʊpən', 'http://res.iciba.com/resource/amp3/oxford/0/6e/67/6e6767f6e4aef49f4345582c9b40cbea.mp3', 'http://res.iciba.com/resource/amp3/1/0/7c/ef/7cef8a734855777c2a9d0caf42666e69.mp3', 'http://res-tts.iciba.com/7/c/e/7cef8a734855777c2a9d0caf42666e69.mp3', '[\"adj. 敞开的，开着的;公开的，公共的;坦率的;有议论余地的;\",\"vt.& vi. （打）开;开始;睁开;启动;\",\"n. 户外，野外;空旷;公开;\",\"vi. 使打开;展示，显现;\",\"vt. 张开;开放;开张营业;为（建筑物）揭幕;\"]', '2019-05-31'),
(208, 1, 3, 'history\r', 'ˈhɪstri', 'ˈhɪstəri', 'http://res.iciba.com/resource/amp3/oxford/0/4e/ab/4eab43fea0452cacb02480af2cafe3c4.mp3', 'http://res.iciba.com/resource/amp3/1/0/3c/d1/3cd15f8f2940aff879df34df4e5c2cd1.mp3', 'http://res-tts.iciba.com/3/c/d/3cd15f8f2940aff879df34df4e5c2cd1.mp3', '[\"n. 历史，历史学;发展史;履历，经历;（某地的）沿革;\"]', '2019-05-31'),
(209, 1, 3, 'location\r', 'ləʊˈkeɪʃn', 'loʊˈkeɪʃn', 'http://res.iciba.com/resource/amp3/oxford/0/b9/8b/b98bfbbf469c9df218aca40f835145d4.mp3', 'http://res.iciba.com/resource/amp3/1/0/d5/18/d5189de027922f81005951e6efe0efd5.mp3', 'http://res-tts.iciba.com/d/5/1/d5189de027922f81005951e6efe0efd5.mp3', '[\"n. 位置，场所;定位;外景（拍摄地）;\"]', '2019-05-31'),
(210, 1, 3, 'scroll\r', 'skrəʊl', 'skroʊl', 'http://res.iciba.com/resource/amp3/0/0/08/9b/089b0cdd8835d09cb1cabf38b3ce9c09.mp3', 'http://res.iciba.com/resource/amp3/1/0/08/9b/089b0cdd8835d09cb1cabf38b3ce9c09.mp3', 'http://res-tts.iciba.com/0/8/9/089b0cdd8835d09cb1cabf38b3ce9c09.mp3', '[\"n. （常用于录写正式文件的）纸卷;书卷，画卷，卷轴;涡卷形（装饰）;〈古〉表，目录;\",\"vt. 使成卷形;（电脑屏幕上）从上到下移动（资料等），卷页;\",\"vi. （似卷轴般）卷起;（像展开卷轴般地）将文字显示于屏幕;\"]', '2019-05-31'),
(211, 1, 3, 'submit\r', 'səbˈmɪt', 'səbˈmɪt', 'http://res.iciba.com/resource/amp3/oxford/0/45/74/4574754b4856d8614a55c5a893c5883e.mp3', 'http://res.iciba.com/resource/amp3/1/0/c7/9b/c79bdf421714f5087fc34b7c538b6807.mp3', 'http://res-tts.iciba.com/c/7/9/c79bdf421714f5087fc34b7c538b6807.mp3', '[\"vi. 顺从，服从;甘受，忍受;\",\"vt. 使服从，使顺从;提交，呈送;[法]主张，建议;\"]', '2019-05-31'),
(212, 1, 3, 'link\r', 'lɪŋk', 'lɪŋk', 'http://res.iciba.com/resource/amp3/oxford/0/5f/38/5f38bf145e1e8f4ce58e1c2baa00ad59.mp3', 'http://res.iciba.com/resource/amp3/1/0/2a/30/2a304a1348456ccd2234cd71a81bd338.mp3', 'http://res-tts.iciba.com/2/a/3/2a304a1348456ccd2234cd71a81bd338.mp3', '[\"n. 环，节;[计算机]链接;关联，关系;\",\"vt. 连结;挽住，勾住;\",\"vi. 用环连接;联系在一起;\"]', '2019-05-31'),
(213, 1, 3, 'escape\r', 'ɪˈskeɪp', 'ɪˈskep', 'http://res.iciba.com/resource/amp3/oxford/0/54/9f/549f1d1733b928778e65148de63f4ab6.mp3', 'http://res.iciba.com/resource/amp3/1/0/e0/eb/e0ebc3c409070d07f1df0f2f4132509e.mp3', 'http://res-tts.iciba.com/e/0/e/e0ebc3c409070d07f1df0f2f4132509e.mp3', '[\"vi. 逃脱;（气体，液体等）漏出;（未受伤或只受了一点伤害而）逃脱;声音（不自觉地）由…发出;\",\"vt.& vi. 逃避，避开;\",\"n. 逃走;逃跑工具或方法;野生种;泄漏;\",\"vt. 被忘掉，被忽视;\"]', '2019-05-31'),
(214, 1, 3, 'all\r', 'ɔ:l', 'ɔl', 'http://res.iciba.com/resource/amp3/oxford/0/66/8f/668fa7b345e751c4a396b9c4e7f13aaf.mp3', 'http://res.iciba.com/resource/amp3/1/0/a1/81/a181a603769c1f98ad927e7367c7aa51.mp3', 'http://res-tts.iciba.com/a/1/8/a181a603769c1f98ad927e7367c7aa51.mp3', '[\"adj. 全部的;一切的;各种的;极度的，尽量的;\",\"pron. 全部;一切;每个人，每件东西;全部情况;\",\"adv. 全部地;完全地;每个;非常;\",\"n. 全体;[常作A-]整体;[常与my, your, his, her等连用]（某人）所有的一切;\"]', '2019-05-31'),
(215, 1, 3, 'delete\r', 'dɪˈli:t', 'diˈlit', 'http://res.iciba.com/resource/amp3/oxford/0/78/45/7845704accebcdb9085a52b971b400a1.mp3', 'http://res.iciba.com/resource/amp3/1/0/09/9a/099af53f601532dbd31e0ea99ffdeb64.mp3', 'http://res-tts.iciba.com/0/9/9/099af53f601532dbd31e0ea99ffdeb64.mp3', '[\"vt.& vi. 删除;\"]', '2019-05-31'),
(216, 1, 3, 'add\r', 'æd', 'æd', 'http://res.iciba.com/resource/amp3/oxford/0/76/4b/764bc309c19c0b5346f0d7694f53e146.mp3', 'http://res.iciba.com/resource/amp3/1/0/34/ec/34ec78fcc91ffb1e54cd85e4a0924332.mp3', 'http://res-tts.iciba.com/3/4/e/34ec78fcc91ffb1e54cd85e4a0924332.mp3', '[\"vt. 增加;补充;附带说明;把…包括在内;\",\"vi. 增加;做加法;累积而成;扩大;\",\"n. 加法，加法运算;（一篇报道的）补充部分;\"]', '2019-05-31'),
(217, 1, 3, 'Infinity\r', 'ɪnˈfɪnəti', 'ɪnˈfɪnɪti', 'http://res.iciba.com/resource/amp3/oxford/0/aa/28/aa28cce2358d284263df7348e0d4d8a2.mp3', 'http://res.iciba.com/resource/amp3/1/0/f2/fd/f2fdee93271556e428dd9507b3da7235.mp3', 'http://res-tts.iciba.com/f/2/f/f2fdee93271556e428dd9507b3da7235.mp3', '[\"n. <数>无穷大;无限的时间或空间;\"]', '2019-05-31'),
(219, 1, 3, 'transfer\r', 'trænsˈfɜ:(r)', 'trænsˈfɚ', 'http://res.iciba.com/resource/amp3/oxford/0/72/7f/727fd6fdd3d0d79b3c7a4c97796de878.mp3', 'http://res.iciba.com/resource/amp3/1/0/84/a0/84a0f3455dcca894ace136be62efa292.mp3', 'http://res-tts.iciba.com/8/4/a/84a0f3455dcca894ace136be62efa292.mp3', '[\"vt. 使转移;使调动;转让（权利等）;让与;\",\"vi. 转让;转学;转乘;转会（尤指职业足球队）;\",\"n. 转移;调动;换乘;（运动员）转会;\"]', '2019-05-31'),
(220, 1, 3, 'reader\r', 'ˈri:də(r)', 'ˈridɚ', 'http://res.iciba.com/resource/amp3/oxford/0/67/d8/67d8e239461b2a830391025448ddd680.mp3', 'http://res.iciba.com/resource/amp3/1/0/1d/e9/1de9b0a30075ae8c303eb420c103c320.mp3', 'http://res-tts.iciba.com/1/d/e/1de9b0a30075ae8c303eb420c103c320.mp3', '[\"n. 读者，朗读者;读本;讲读者，讲师;审稿人;\"]', '2019-05-31'),
(221, 1, 3, 'load\r', 'ləʊd', 'loʊd', 'http://res.iciba.com/resource/amp3/0/0/ec/4d/ec4d1eb36b22d19728e9d1d23ca84d1c.mp3', 'http://res.iciba.com/resource/amp3/1/0/ec/4d/ec4d1eb36b22d19728e9d1d23ca84d1c.mp3', 'http://res-tts.iciba.com/e/c/4/ec4d1eb36b22d19728e9d1d23ca84d1c.mp3', '[\"n. 负荷;负担;装载;工作量;\",\"vt. 使担负;装填;把…装入或装上;装满，堆积;\",\"vi. 加载;装载;装货;\"]', '2019-05-31'),
(222, 1, 3, 'parse\r', 'pɑ:z', 'pɑrs', 'http://res.iciba.com/resource/amp3/0/0/2e/88/2e88eca8ada4443dd53a1261d68b5abd.mp3', 'http://res.iciba.com/resource/amp3/1/0/2e/88/2e88eca8ada4443dd53a1261d68b5abd.mp3', 'http://res-tts.iciba.com/2/e/8/2e88eca8ada4443dd53a1261d68b5abd.mp3', '[\"vt. 从语法上描述或分析（词句等）;\"]', '2019-05-31'),
(223, 1, 3, 'repeat', 'rɪˈpi:t', 'rɪˈpit', 'http://res.iciba.com/resource/amp3/oxford/0/b9/96/b996772d8f4be29d918a784d3f18a57c.mp3', 'http://res.iciba.com/resource/amp3/1/0/32/cf/32cf6da134a8b268cf4ab6b79a9a5ad9.mp3', 'http://res-tts.iciba.com/3/2/c/32cf6da134a8b268cf4ab6b79a9a5ad9.mp3', '[\"vt. 复述，背诵;重复;\",\"vi. 重做;重复投票;\",\"n. （节目）重演;重复;重复的事物;\"]', '2019-05-31');

--
-- 转储表的索引
--

--
-- 表的索引 `test`
--
ALTER TABLE `test`
  ADD PRIMARY KEY (`id`);

--
-- 表的索引 `test_type`
--
ALTER TABLE `test_type`
  ADD PRIMARY KEY (`id`),
  ADD UNIQUE KEY `type_name` (`type_name`);

--
-- 表的索引 `user`
--
ALTER TABLE `user`
  ADD PRIMARY KEY (`id`);

--
-- 表的索引 `word`
--
ALTER TABLE `word`
  ADD PRIMARY KEY (`id`),
  ADD UNIQUE KEY `word_en` (`word_en`),
  ADD KEY `uid` (`uid`);

--
-- 在导出的表使用AUTO_INCREMENT
--

--
-- 使用表AUTO_INCREMENT `test`
--
ALTER TABLE `test`
  MODIFY `id` int(11) UNSIGNED NOT NULL AUTO_INCREMENT, AUTO_INCREMENT=22;

--
-- 使用表AUTO_INCREMENT `test_type`
--
ALTER TABLE `test_type`
  MODIFY `id` int(11) UNSIGNED NOT NULL AUTO_INCREMENT, AUTO_INCREMENT=4;

--
-- 使用表AUTO_INCREMENT `user`
--
ALTER TABLE `user`
  MODIFY `id` int(11) UNSIGNED NOT NULL AUTO_INCREMENT, AUTO_INCREMENT=6;

--
-- 使用表AUTO_INCREMENT `word`
--
ALTER TABLE `word`
  MODIFY `id` int(11) UNSIGNED NOT NULL AUTO_INCREMENT, AUTO_INCREMENT=224;
COMMIT;

/*!40101 SET CHARACTER_SET_CLIENT=@OLD_CHARACTER_SET_CLIENT */;
/*!40101 SET CHARACTER_SET_RESULTS=@OLD_CHARACTER_SET_RESULTS */;
/*!40101 SET COLLATION_CONNECTION=@OLD_COLLATION_CONNECTION */;
